直播-直播-互动-直播-其他-直播-互动,1
点播-点播-点播-点播-点播-点播-直播,5
其他-其他-互动-直播-其他-商城-商城,1
直播-直播-互动-直播-其他-直播-跳出,1
其他-其他-点播-其他-点播-奥运-奥运,1
其他-其他-互动-直播-其他-商城-其他,2
其他-其他-直播-直播-直播-互动-直播,10
其他-其他-其他-其他-奥运-其他-跳出,3
其他-其他-互动-直播-直播-直播-其他,8
其他-其他-点播-其他-互动-其他-点播,1
其他-其他-直播-直播-点播-直播-直播,2067
其他-直播-直播-点播-直播-跳出,5
其他-其他-直播-点播-其他-其他-其他,1
商城-商城-其他-其他-其他-其他-其他,1
其他-奥运-其他-其他-点播-其他-点播,1
其他-其他-奥运-其他-其他-互动-其他,1
其他-其他-点播-其他-奥运-其他-跳出,6
直播-点播-直播-点播-直播-直播-点播,1
直播-直播-直播-点播-点播-直播-点播,13
直播-点播-直播-点播-直播-点播-直播,11
其他-其他-其他-互动-其他-直播-直播,10
其他-其他-直播-直播-直播-其他-直播,164
其他-其他-直播-其他-直播-其他-直播,293
直播-直播-直播-其他-互动-其他-其他,3
直播-直播-其他-点播-其他-点播-其他,15
奥运-奥运-其他-直播-其他-点播-点播,1
其他-其他-直播-点播-直播-直播-其他,11
直播-直播-其他-直播-直播-点播-直播,19
奥运-奥运-跳出,83
直播-其他-其他-互动-直播-其他-其他,1
直播-其他-直播-直播-直播-直播-跳出,1
点播-直播-点播-直播-其他-直播-直播,1
其他-其他-其他-其他-商城-其他-直播,2
其他-直播-点播-直播-跳出,7
点播-点播-其他-点播-其他-直播-直播,5
其他-直播-点播-点播-点播-点播-点播,2
其他-其他-互动-其他-互动-互动-其他,2
点播-点播-直播-直播-其他-直播-点播,4
直播-直播-直播-直播-直播-直播-直播,1100
直播-直播-直播-商城-其他-其他-其他,1
直播-直播-其他-直播-直播-点播-点播,4
其他-其他-点播-其他-点播-其他-直播,163
点播-点播-直播-直播-其他-跳出,10
其他-其他-其他-直播-点播-直播-其他,30
互动-互动-直播-直播-直播-其他-直播,2
直播-直播-点播-点播-点播-直播-跳出,3
互动-互动-直播-互动-其他-跳出,1
其他-其他-其他-商城-跳出,53
其他-其他-直播-跳出,3096
点播-直播-其他-直播-其他-点播-其他,1
其他-其他-其他-其他-商城-其他-互动,1
直播-其他-其他-直播-互动-其他-其他,1
直播-直播-点播-点播-其他-跳出,1
其他-其他-直播-互动-直播-其他-跳出,1
点播-其他-直播-直播-跳出,1
直播-直播-点播-直播-直播-互动-直播,1
直播-直播-直播-点播-其他-其他-直播,2
其他-其他-直播-点播-直播-其他-点播,96
点播-点播-直播-直播-其他-直播-直播,12
其他-其他-其他-其他-其他-其他-互动,24
其他-奥运-其他-直播-点播-直播-点播,1
其他-其他-其他-直播-直播-其他-其他,6
点播-其他-直播-其他-跳出,1
直播-直播-其他-其他-跳出,18
直播-直播-互动-直播-其他-直播-其他,1
直播-点播-点播-点播-直播-点播-直播,1
其他-跳出,2993
其他-其他-直播-互动-其他-点播-其他,6
其他-其他-其他-互动-直播-互动-直播,2
点播-点播-直播-其他-直播-其他-商城,1
其他-其他-其他-点播-点播-其他-其他,3
点播-点播-直播-点播-点播-直播-点播,4
点播-点播-直播-直播-其他-其他-跳出,3
直播-直播-其他-互动-其他-互动-直播,1
直播-直播-直播-直播-其他-点播-点播,6
直播-点播-点播-直播-直播-直播-直播,1
其他-其他-直播-互动-其他-跳出,44
其他-直播-直播-其他-点播-其他-跳出,1
点播-点播-点播-点播-其他-其他-点播,2
商城-商城-其他-其他-其他-其他-直播,1
其他-其他-直播-其他-奥运-其他-奥运,31
商城-商城-其他-直播-互动-其他-其他,1
直播-直播-直播-直播-其他-奥运-其他,5
点播-点播-其他-点播-点播-点播-其他,9
其他-其他-其他-商城-其他-其他-跳出,5
点播-点播-点播-其他-直播-直播-点播,1
直播-直播-互动-其他-其他-其他-其他,3
直播-直播-其他-其他-互动-其他-互动,1
直播-直播-直播-直播-直播-其他-其他,35
其他-其他-点播-直播-跳出,1
其他-其他-直播-直播-跳出,2911
直播-直播-直播-点播-其他-其他-其他,1
点播-直播-其他-直播-直播-点播-直播,2
其他-其他-直播-其他-点播-其他-直播,108
点播-点播-点播-其他-直播-点播-直播,2
奥运-奥运-其他-点播-其他-跳出,2
直播-直播-点播-直播-点播-点播-点播,2
奥运-奥运-奥运-其他-直播-互动-其他,1
其他-其他-其他-其他-其他-其他-奥运,12
其他-直播-其他-其他-直播-其他-其他,1
直播-直播-互动-直播-跳出,4
直播-直播-其他-直播-点播-点播-直播,4
互动-互动-其他-互动-其他-跳出,1
其他-其他-奥运-点播-奥运-其他-直播,2
其他-直播-直播-点播-点播-跳出,2
互动-互动-其他-奥运-奥运-奥运-跳出,1
其他-其他-其他-直播-互动-直播-互动,6
其他-其他-点播-其他-其他-互动-直播,38
其他-奥运-其他-其他-直播-跳出,1
其他-其他-其他-商城-其他-直播-互动,5
其他-其他-点播-其他-其他-其他-其他,21
直播-直播-点播-直播-其他-其他-奥运,1
其他-其他-点播-点播-其他-奥运-其他,1
奥运-奥运-奥运-奥运-奥运-跳出,2
直播-直播-其他-点播-其他-点播-点播,3
其他-其他-直播-其他-奥运-奥运-奥运,6
直播-直播-点播-直播-点播-点播-直播,4
其他-其他-奥运-其他-互动-其他-互动,4
直播-直播-直播-互动-跳出,3
其他-其他-其他-直播-直播-直播-其他,68
奥运-奥运-点播-跳出,1
直播-直播-其他-互动-其他-跳出,2
其他-其他-直播-其他-点播-点播-点播,113
直播-其他-点播-跳出,1
其他-其他-直播-其他-直播-其他-其他,109
其他-其他-其他-奥运-其他-直播-其他,4
其他-其他-直播-其他-商城-其他-互动,3
直播-点播-直播-点播-直播-其他-其他,7
直播-其他-其他-其他-其他-其他-互动,1
其他-其他-其他-奥运-其他-直播-直播,8
直播-点播-点播-直播-直播-其他-其他,1
其他-直播-直播-直播-点播-直播-点播,1
直播-直播-直播-互动-直播-直播-点播,1
直播-直播-点播-直播-直播-点播-跳出,4
其他-其他-直播-直播-互动-跳出,1
直播-其他-其他-其他-商城-其他-其他,1
直播-其他-其他-直播-直播-点播-点播,2
其他-直播-其他-直播-点播-直播-其他,1
其他-点播-其他-其他-其他-跳出,1
点播-点播-点播-直播-直播-点播-跳出,2
其他-其他-直播-互动-直播-互动-其他,2
直播-直播-其他-直播-其他-跳出,26
其他-点播-其他-直播-其他-点播-点播,1
直播-其他-其他-其他-点播-点播-其他,1
直播-直播-其他-其他-直播-直播-其他,3
点播-点播-点播-点播-直播-直播-跳出,9
其他-其他-点播-其他-奥运-点播-奥运,5
直播-其他-点播-其他-跳出,2
其他-其他-直播-直播-其他-互动-直播,1
直播-其他-其他-商城-商城-其他-其他,1
点播-点播-点播-直播-其他-其他-跳出,1
其他-其他-其他-互动-其他-其他-跳出,7
点播-点播-点播-其他-跳出,20
其他-其他-直播-点播-点播-跳出,43
点播-直播-其他-其他-直播-其他-跳出,1
其他-其他-点播-点播-其他-点播-点播,6
其他-其他-其他-其他-直播-跳出,49
点播-直播-直播-其他-其他-跳出,1
点播-点播-直播-直播-其他-其他-直播,18
其他-奥运-其他-奥运-其他-跳出,1
互动-互动-其他-互动-其他-商城-商城,1
点播-点播-点播-点播-点播-其他-互动,2
其他-其他-互动-直播-直播-其他-其他,2
直播-直播-直播-其他-其他-其他-跳出,3
其他-其他-直播-直播-直播-点播-跳出,34
直播-直播-直播-点播-直播-跳出,227
点播-点播-直播-其他-直播-点播-直播,43
其他-点播-其他-点播-跳出,2
直播-直播-直播-直播-其他-其他-互动,6
直播-直播-直播-点播-其他-其他-点播,1
其他-其他-其他-商城-其他-其他-其他,9
直播-其他-其他-其他-其他-其他-其他,2
其他-其他-直播-直播-直播-点播-点播,13
其他-奥运-点播-点播-点播-点播-点播,1
点播-点播-其他-其他-互动-跳出,1
直播-直播-其他-其他-互动-其他-其他,2
其他-奥运-其他-点播-点播-跳出,1
其他-其他-其他-商城-其他-其他-直播,1
直播-直播-其他-点播-其他-直播-其他,3
其他-其他-点播-直播-点播-其他-直播,1
其他-其他-直播-其他-互动-其他-跳出,12
其他-其他-其他-直播-其他-互动-直播,2
直播-直播-其他-其他-其他-其他-互动,2
其他-其他-点播-其他-其他-直播-直播,28
其他-其他-其他-其他-其他-其他-直播,160
直播-其他-其他-其他-互动-直播-直播,1
其他-其他-点播-点播-点播-点播-跳出,15
直播-直播-互动-直播-其他-跳出,2
其他-其他-互动-其他-其他-互动-奥运,1
直播-点播-直播-直播-直播-点播-点播,2
直播-直播-其他-商城-其他-商城-其他,1
其他-其他-点播-其他-直播-其他-点播,30
其他-其他-商城-其他-互动-其他-其他,1
其他-其他-奥运-其他-其他-直播-跳出,3
点播-点播-直播-其他-直播-其他-点播,1
直播-其他-其他-直播-直播-直播-跳出,8
商城-商城-其他-跳出,2
点播-点播-直播-点播-直播-其他-其他,4
其他-其他-其他-其他-点播-点播-其他,5
其他-点播-点播-点播-跳出,1
互动-互动-其他-其他-其他-其他-互动,1
其他-其他-互动-其他-点播-其他-其他,2
点播-点播-直播-其他-跳出,33
其他-其他-其他-其他-互动-奥运-跳出,1
其他-其他-其他-其他-互动-其他-商城,1
其他-其他-点播-点播-跳出,86
其他-其他-互动-互动-直播-直播-跳出,1
点播-点播-点播-直播-直播-点播-点播,2
其他-点播-其他-直播-直播-直播-跳出,1
直播-其他-其他-直播-点播-直播-其他,4
商城-商城-其他-商城-其他-互动-其他,2
其他-其他-其他-其他-互动-直播-跳出,5
点播-点播-直播-其他-其他-直播-互动,1
其他-其他-其他-其他-商城-跳出,5
直播-直播-其他-点播-点播-点播-点播,3
其他-其他-互动-互动-其他-互动-其他,5
直播-直播-其他-其他-直播-直播-互动,1
直播-其他-其他-直播-直播-点播-直播,9
直播-直播-直播-直播-其他-直播-互动,3
直播-互动-直播-直播-直播-跳出,2
点播-点播-直播-点播-跳出,84
点播-点播-直播-直播-其他-其他-其他,8
其他-点播-其他-点播-其他-点播-跳出,2
直播-点播-直播-点播-直播-其他-直播,2
其他-其他-其他-奥运-其他-其他-跳出,1
商城-商城-其他-直播-互动-其他-跳出,1
其他-其他-直播-点播-点播-直播-点播,14
奥运-奥运-奥运-奥运-其他-其他-其他,1
直播-直播-其他-直播-点播-点播-跳出,1
点播-点播-跳出,1873
直播-直播-其他-互动-其他-其他-其他,3
直播-直播-其他-其他-直播-直播-点播,17
直播-直播-其他-互动-直播-其他-其他,1
其他-其他-其他-直播-直播-直播-点播,17
直播-直播-直播-互动-其他-其他-点播,1
其他-其他-直播-其他-其他-点播-点播,23
其他-其他-直播-其他-商城-商城-商城,14
直播-直播-点播-直播-直播-直播-其他,7
其他-其他-点播-其他-点播-奥运-其他,1
点播-直播-直播-其他-其他-其他-其他,1
点播-点播-其他-其他-跳出,5
直播-直播-直播-直播-直播-直播-互动,4
其他-其他-互动-其他-商城-其他-互动,5
其他-其他-互动-其他-其他-其他-跳出,4
其他-其他-商城-商城-商城-商城-商城,1
其他-其他-奥运-奥运-其他-奥运-点播,1
其他-其他-其他-互动-奥运-互动-跳出,1
点播-点播-点播-其他-点播-其他-直播,4
点播-点播-点播-直播-其他-其他-其他,1
其他-其他-直播-点播-点播-直播-其他,44
其他-其他-其他-直播-其他-直播-跳出,17
其他-其他-奥运-其他-其他-直播-直播,7
奥运-奥运-奥运-奥运-其他-点播-跳出,1
其他-其他-互动-奥运-奥运-奥运-互动,1
其他-其他-其他-其他-奥运-其他-点播,3
奥运-奥运-点播-奥运-其他-点播-其他,1
其他-其他-点播-点播-其他-直播-直播,13
其他-其他-其他-点播-其他-直播-跳出,2
其他-直播-点播-其他-其他-其他-点播,1
其他-其他-其他-其他-奥运-其他-其他,7
其他-其他-其他-奥运-其他-其他-直播,2
直播-直播-互动-直播-其他-互动-直播,1
其他-其他-直播-其他-直播-点播-跳出,13
其他-其他-商城-其他-跳出,1
直播-直播-其他-其他-点播-其他-跳出,1
互动-其他-互动-其他-互动-其他-其他,1
直播-直播-其他-其他-直播-其他-跳出,7
直播-直播-其他-其他-点播-跳出,3
点播-其他-直播-直播-直播-直播-跳出,1
其他-其他-直播-点播-直播-点播-点播,13
其他-其他-点播-其他-其他-奥运-跳出,1
点播-点播-其他-点播-点播-跳出,8
直播-直播-互动-跳出,4
其他-其他-其他-互动-其他-互动-其他,72
其他-其他-其他-直播-其他-其他-其他,44
直播-其他-奥运-奥运-奥运-其他-点播,1
其他-直播-其他-其他-直播-互动-直播,1
其他-其他-直播-互动-直播-跳出,8
点播-点播-直播-其他-直播-直播-其他,3
其他-直播-直播-直播-点播-直播-直播,2
直播-直播-点播-点播-跳出,39
其他-其他-直播-其他-点播-其他-互动,5
直播-直播-直播-其他-其他-其他-直播,8
其他-其他-互动-直播-直播-点播-直播,17
其他-直播-直播-点播-直播-点播-直播,8
其他-其他-奥运-其他-奥运-跳出,32
其他-其他-其他-其他-其他-商城-跳出,2
点播-点播-点播-直播-其他-其他-点播,1
直播-直播-其他-直播-点播-直播-其他,18
其他-其他-其他-点播-其他-直播-其他,8
点播-其他-点播-其他-跳出,2
奥运-奥运-其他-其他-点播-点播-点播,1
奥运-奥运-奥运-其他-点播-点播-点播,1
点播-奥运-奥运-跳出,1
其他-其他-直播-其他-其他-直播-点播,9
其他-其他-互动-直播-其他-互动-直播,1
点播-点播-直播-点播-直播-其他-直播,11
其他-其他-直播-其他-奥运-其他-跳出,19
其他-直播-点播-跳出,7
其他-其他-奥运-奥运-奥运-奥运-跳出,1
直播-其他-其他-其他-跳出,3
其他-其他-点播-点播-其他-直播-跳出,3
点播-点播-直播-点播-直播-跳出,39
其他-其他-奥运-其他-其他-其他-互动,1
其他-其他-奥运-其他-直播-其他-点播,23
其他-点播-点播-点播-其他-点播-其他,4
直播-直播-点播-点播-直播-点播-直播,11
其他-其他-其他-其他-奥运-点播-奥运,1
直播-直播-互动-其他-互动-其他-奥运,1
其他-其他-互动-其他-其他-其他-其他,24
直播-其他-跳出,25
直播-直播-直播-直播-其他-其他-直播,19
奥运-奥运-点播-奥运-其他-奥运-其他,1
点播-其他-直播-其他-其他-跳出,1
其他-奥运-其他-奥运-其他-点播-点播,1
其他-其他-直播-点播-其他-点播-直播,2
其他-其他-奥运-奥运-奥运-奥运-点播,1
直播-直播-其他-其他-其他-点播-其他,1
直播-直播-其他-直播-互动-其他-跳出,1
点播-点播-直播-点播-直播-点播-点播,3
点播-点播-点播-点播-其他-点播-其他,6
商城-商城-其他-商城-跳出,2
其他-其他-其他-奥运-其他-直播-跳出,2
互动-互动-其他-其他-其他-其他-其他,2
其他-直播-其他-直播-其他-直播-其他,3
直播-其他-其他-其他-直播-直播-跳出,2
点播-点播-点播-其他-直播-其他-直播,1
其他-其他-互动-奥运-奥运-奥运-奥运,2
直播-直播-点播-点播-点播-点播-跳出,2
直播-直播-直播-点播-直播-直播-直播,320
其他-其他-直播-直播-其他-其他-跳出,14
奥运-奥运-其他-直播-其他-跳出,2
直播-点播-直播-其他-其他-直播-其他,5
其他-奥运-奥运-跳出,1
直播-直播-其他-其他-直播-互动-跳出,1
直播-直播-互动-其他-点播-跳出,1
直播-其他-其他-点播-其他-直播-跳出,2
点播-点播-其他-其他-其他-其他-其他,5
其他-其他-直播-直播-其他-其他-互动,2
其他-其他-其他-直播-互动-直播-其他,10
其他-其他-点播-点播-点播-其他-互动,4
点播-点播-点播-直播-点播-直播-直播,8
其他-其他-其他-其他-奥运-其他-互动,1
直播-其他-其他-直播-跳出,9
点播-点播-其他-其他-其他-点播-其他,2
点播-点播-其他-点播-其他-点播-其他,26
直播-其他-直播-其他-其他-奥运-点播,1
其他-其他-奥运-其他-直播-点播-其他,1
其他-直播-直播-直播-其他-直播-其他,2
其他-其他-直播-直播-直播-直播-跳出,758
其他-其他-奥运-其他-其他-其他-奥运,2
直播-其他-其他-直播-其他-直播-跳出,1
奥运-奥运-奥运-直播-跳出,1
其他-其他-奥运-奥运-点播-奥运-其他,1
直播-点播-直播-直播-直播-直播-其他,4
其他-直播-其他-点播-其他-点播-其他,1
其他-其他-直播-其他-直播-跳出,311
其他-其他-其他-商城-其他-互动-其他,38
其他-直播-直播-其他-其他-直播-直播,1
其他-其他-奥运-奥运-点播-点播-跳出,1
其他-其他-直播-直播-其他-其他-直播,78
其他-其他-直播-其他-其他-其他-商城,3
其他-其他-点播-其他-其他-其他-点播,13
其他-其他-其他-其他-互动-跳出,3
直播-其他-点播-其他-点播-其他-其他,1
点播-点播-点播-直播-直播-跳出,25
点播-直播-点播-点播-点播-直播-点播,2
直播-直播-点播-直播-点播-直播-直播,67
直播-直播-其他-直播-直播-其他-跳出,2
其他-其他-其他-直播-其他-点播-其他,18
其他-其他-直播-互动-其他-直播-其他,9
直播-直播-其他-其他-其他-直播-跳出,2
点播-点播-点播-直播-点播-点播-直播,3
其他-其他-直播-直播-点播-跳出,676
直播-直播-互动-其他-其他-其他-直播,1
直播-直播-直播-点播-直播-点播-其他,1
互动-互动-其他-互动-直播-其他-商城,1
点播-点播-点播-其他-点播-跳出,1
其他-其他-其他-其他-其他-互动-其他,22
其他-其他-点播-其他-其他-其他-跳出,5
点播-点播-点播-直播-其他-其他-直播,2
其他-直播-其他-直播-跳出,2
其他-其他-点播-其他-直播-其他-奥运,8
其他-其他-互动-直播-其他-其他-跳出,2
直播-直播-直播-其他-直播-直播-直播,25
直播-直播-其他-其他-其他-其他-直播,3
其他-其他-互动-其他-直播-其他-直播,4
其他-其他-其他-点播-点播-其他-点播,3
其他-其他-奥运-奥运-其他-直播-跳出,1
其他-其他-其他-其他-其他-互动-奥运,1
奥运-奥运-点播-奥运-跳出,1
其他-其他-其他-其他-其他-奥运-奥运,4
点播-点播-点播-其他-其他-直播-其他,2
点播-点播-点播-其他-其他-其他-跳出,2
直播-直播-直播-其他-其他-直播-点播,1
直播-直播-直播-互动-直播-互动-其他,1
其他-其他-其他-点播-其他-点播-跳出,10
其他-其他-点播-其他-互动-其他-直播,3
其他-其他-直播-直播-直播-直播-点播,456
其他-其他-奥运-其他-其他-其他-跳出,6
点播-点播-直播-直播-其他-互动-其他,1
互动-直播-直播-点播-跳出,1
直播-其他-直播-点播-直播-直播-其他,1
直播-直播-其他-直播-点播-直播-直播,1
其他-其他-跳出,6609
其他-点播-其他-点播-点播-点播-点播,1
直播-直播-点播-直播-其他-跳出,18
奥运-奥运-奥运-跳出,9
其他-其他-点播-其他-点播-点播-跳出,11
直播-直播-其他-直播-互动-直播-其他,2
其他-其他-其他-直播-其他-其他-奥运,1
直播-直播-直播-互动-其他-直播-互动,1
其他-直播-直播-其他-直播-跳出,1
直播-直播-其他-直播-直播-点播-跳出,9
互动-互动-其他-商城-其他-跳出,1
点播-点播-直播-点播-点播-点播-跳出,4
直播-直播-点播-直播-跳出,298
其他-直播-直播-直播-跳出,14
互动-其他-互动-其他-互动-其他-互动,1
其他-其他-其他-其他-其他-商城-商城,4
其他-其他-直播-直播-点播-直播-跳出,1371
点播-点播-点播-直播-直播-点播-直播,4
其他-其他-直播-其他-互动-直播-互动,1
其他-其他-点播-其他-奥运-奥运-奥运,4
点播-点播-点播-其他-其他-其他-其他,5
奥运-奥运-其他-点播-其他-点播-跳出,1
其他-其他-互动-跳出,52
直播-直播-直播-其他-其他-其他-奥运,1
直播-其他-直播-其他-直播-其他-直播,2
其他-其他-直播-其他-直播-直播-其他,29
其他-其他-直播-点播-直播-其他-互动,4
其他-其他-直播-互动-其他-点播-点播,4
其他-互动-直播-直播-点播-直播-直播,1
其他-其他-奥运-其他-直播-点播-点播,2
其他-其他-奥运-奥运-其他-点播-跳出,1
直播-直播-其他-商城-商城-商城-其他,1
其他-其他-奥运-其他-直播-互动-奥运,1
其他-其他-互动-其他-商城-其他-其他,3
其他-其他-其他-其他-奥运-其他-奥运,8
其他-其他-其他-互动-直播-互动-跳出,1
点播-点播-直播-直播-其他-点播-点播,2
点播-点播-点播-其他-奥运-其他-点播,1
其他-其他-点播-点播-其他-直播-其他,3
点播-直播-点播-直播-点播-直播-点播,1
其他-其他-奥运-点播-点播-点播-奥运,6
直播-直播-其他-直播-其他-其他-互动,3
奥运-奥运-互动-直播-直播-直播-直播,1
其他-其他-奥运-其他-点播-其他-直播,21
点播-点播-点播-其他-其他-点播-其他,1
直播-直播-其他-其他-点播-其他-直播,1
点播-点播-点播-点播-点播-其他-点播,6
其他-其他-奥运-其他-其他-直播-其他,5
点播-点播-直播-直播-直播-点播-直播,324
点播-直播-直播-直播-点播-点播-跳出,1
其他-其他-奥运-其他-直播-直播-跳出,27
其他-其他-其他-其他-其他-点播-跳出,7
其他-其他-点播-其他-直播-互动-跳出,1
直播-直播-互动-直播-直播-直播-其他,1
直播-直播-点播-直播-直播-点播-点播,3
点播-点播-点播-点播-点播-直播-直播,8
其他-其他-奥运-其他-点播-其他-点播,47
其他-其他-其他-直播-其他-互动-奥运,1
直播-其他-其他-点播-其他-跳出,1
直播-点播-直播-其他-其他-直播-跳出,2
直播-直播-其他-直播-其他-其他-其他,4
其他-其他-其他-点播-其他-跳出,24
直播-直播-其他-直播-互动-其他-互动,1
其他-其他-商城-跳出,2
其他-其他-其他-直播-直播-直播-互动,10
点播-其他-其他-直播-直播-点播-直播,1
点播-点播-其他-其他-直播-直播-直播,4
点播-点播-点播-直播-点播-跳出,11
其他-其他-直播-其他-跳出,863
其他-点播-其他-直播-其他-跳出,1
其他-其他-奥运-点播-奥运-点播-奥运,2
直播-直播-直播-其他-点播-其他-直播,4
其他-其他-直播-直播-其他-点播-其他,9
直播-直播-其他-互动-其他-其他-互动,1
点播-直播-其他-其他-直播-直播-其他,1
其他-其他-直播-互动-直播-其他-点播,2
其他-点播-其他-直播-直播-直播-直播,3
其他-其他-其他-直播-互动-其他-直播,5
直播-直播-点播-直播-点播-直播-跳出,46
点播-点播-其他-点播-其他-直播-其他,2
其他-其他-奥运-其他-奥运-奥运-点播,1
其他-其他-点播-其他-直播-点播-直播,22
奥运-奥运-其他-其他-直播-其他-其他,1
其他-其他-直播-其他-其他-奥运-跳出,3
其他-直播-其他-跳出,19
直播-直播-互动-直播-直播-点播-直播,2
其他-其他-直播-其他-奥运-点播-点播,4
点播-点播-其他-其他-其他-直播-其他,2
其他-其他-奥运-其他-奥运-其他-点播,30
其他-其他-互动-其他-奥运-奥运-奥运,1
其他-直播-其他-其他-奥运-跳出,1
其他-其他-点播-其他-其他-点播-点播,6
其他-其他-互动-直播-其他-直播-互动,2
其他-其他-其他-直播-其他-奥运-奥运,1
其他-其他-互动-奥运-互动-其他-互动,3
直播-直播-直播-其他-奥运-其他-跳出,1
商城-商城-商城-其他-其他-直播-直播,1
直播-点播-点播-跳出,19
直播-互动-跳出,1
直播-直播-点播-点播-直播-其他-奥运,1
点播-直播-点播-直播-点播-跳出,1
奥运-奥运-其他-其他-直播-其他-点播,1
直播-直播-点播-点播-点播-直播-其他,4
其他-其他-其他-互动-直播-其他-奥运,1
直播-其他-其他-直播-点播-点播-直播,1
点播-点播-点播-直播-其他-直播-直播,2
点播-点播-其他-直播-直播-直播-直播,11
其他-其他-点播-其他-其他-其他-互动,7
其他-其他-奥运-其他-点播-其他-奥运,8
直播-直播-其他-其他-直播-跳出,4
直播-直播-其他-直播-直播-其他-直播,8
奥运-其他-其他-其他-互动-其他-直播,1
其他-其他-互动-其他-其他-奥运-其他,2
其他-其他-其他-跳出,630
其他-其他-奥运-其他-互动-其他-直播,3
点播-点播-点播-直播-点播-点播-点播,1
直播-直播-直播-点播-直播-直播-其他,55
其他-其他-点播-点播-点播-点播-点播,204
直播-直播-直播-其他-其他-直播-跳出,6
直播-其他-其他-点播-其他-直播-直播,2
其他-其他-其他-其他-互动-其他-跳出,4
点播-点播-直播-点播-点播-直播-跳出,4
其他-其他-互动-其他-互动-奥运-奥运,1
直播-直播-点播-直播-直播-点播-直播,39
点播-点播-点播-点播-点播-其他-直播,1
直播-直播-直播-其他-其他-直播-互动,1
其他-其他-互动-直播-其他-奥运-跳出,1
直播-直播-直播-直播-直播-跳出,482
直播-其他-其他-点播-跳出,2
其他-其他-点播-其他-直播-互动-其他,10
其他-其他-其他-其他-其他-商城-其他,13
点播-点播-直播-其他-其他-其他-直播,7
奥运-奥运-其他-其他-互动-其他-互动,2
其他-其他-互动-其他-其他-互动-其他,25
互动-互动-直播-其他-其他-跳出,1
其他-其他-其他-直播-其他-其他-互动,12
其他-其他-点播-点播-其他-其他-点播,2
点播-点播-其他-其他-直播-互动-其他,1
点播-其他-直播-直播-直播-直播-直播,1
直播-点播-直播-其他-点播-点播-点播,2
直播-其他-其他-直播-其他-直播-直播,2
点播-点播-直播-直播-点播-直播-跳出,4
直播-直播-直播-其他-其他-直播-直播,28
其他-其他-直播-直播-其他-点播-点播,5
其他-其他-直播-其他-直播-直播-点播,245
其他-其他-商城-商城-商城-其他-其他,1
直播-直播-直播-直播-互动-跳出,3
点播-点播-其他-直播-直播-直播-跳出,3
点播-点播-直播-直播-点播-点播-点播,1
其他-直播-点播-直播-点播-点播-直播,1
其他-其他-点播-点播-其他-跳出,14
奥运-奥运-其他-奥运-点播-奥运-其他,1
其他-其他-其他-其他-其他-直播-互动,8
其他-其他-奥运-其他-直播-直播-直播,69
互动-互动-跳出,15
直播-其他-点播-其他-点播-其他-直播,1
其他-其他-点播-其他-奥运-奥运-其他,1
其他-其他-直播-点播-直播-点播-跳出,22
其他-直播-点播-点播-直播-其他-其他,1
点播-其他-其他-其他-点播-点播-点播,1
点播-点播-点播-其他-点播-点播-点播,16
其他-其他-直播-其他-其他-直播-跳出,33
点播-直播-直播-点播-跳出,1
直播-直播-直播-互动-其他-其他-直播,1
互动-互动-其他-直播-直播-直播-跳出,1
直播-其他-直播-其他-点播-跳出,2
点播-点播-点播-点播-点播-点播-其他,5
直播-直播-点播-跳出,238
其他-其他-奥运-其他-奥运-其他-奥运,29
互动-互动-直播-其他-直播-跳出,1
点播-直播-点播-点播-直播-跳出,1
其他-其他-其他-其他-互动-直播-直播,9
点播-直播-直播-直播-直播-点播-直播,1
其他-其他-直播-直播-直播-点播-直播,105
直播-直播-直播-直播-其他-点播-跳出,2
其他-奥运-奥运-奥运-跳出,1
其他-其他-其他-其他-互动-直播-其他,15
直播-直播-直播-点播-点播-直播-直播,51
其他-其他-商城-其他-其他-互动-直播,1
直播-直播-其他-其他-互动-跳出,1
点播-点播-直播-直播-其他-直播-跳出,4
直播-其他-直播-其他-直播-直播-跳出,1
点播-点播-点播-直播-点播-直播-其他,1
其他-其他-互动-其他-其他-其他-互动,13
点播-直播-直播-直播-点播-直播-跳出,1
直播-点播-点播-直播-跳出,8
直播-直播-直播-其他-直播-跳出,10
其他-其他-点播-其他-直播-跳出,99
其他-其他-直播-其他-其他-其他-其他,139
点播-点播-其他-奥运-其他-点播-跳出,1
其他-点播-其他-点播-点播-其他-跳出,1
其他-其他-互动-其他-直播-其他-跳出,1
直播-点播-直播-直播-其他-跳出,3
其他-其他-点播-点播-点播-其他-其他,56
其他-其他-直播-互动-其他-直播-跳出,4
奥运-奥运-其他-跳出,24
其他-其他-互动-其他-其他-其他-直播,2
直播-其他-其他-其他-直播-直播-点播,1
点播-其他-点播-其他-点播-其他-点播,2
点播-点播-直播-其他-直播-直播-直播,10
互动-互动-其他-其他-互动-直播-直播,1
其他-其他-直播-互动-其他-奥运-跳出,1
其他-其他-奥运-其他-其他-点播-其他,3
其他-其他-其他-其他-其他-直播-其他,32
点播-点播-点播-直播-其他-其他-互动,1
其他-其他-直播-其他-商城-其他-其他,3
其他-直播-其他-点播-点播-点播-其他,3
点播-点播-直播-直播-直播-其他-跳出,1
其他-其他-其他-直播-直播-点播-直播,283
互动-互动-其他-互动-跳出,2
直播-直播-其他-奥运-其他-直播-点播,2
直播-其他-点播-其他-直播-直播-直播,2
其他-其他-其他-点播-点播-点播-跳出,9
直播-直播-点播-直播-直播-跳出,122
点播-点播-点播-点播-直播-点播-点播,2
其他-其他-互动-其他-互动-直播-直播,4
点播-点播-直播-其他-直播-其他-跳出,10
其他-其他-直播-点播-点播-点播-直播,17
点播-点播-奥运-跳出,1
直播-直播-直播-其他-直播-点播-直播,8
直播-直播-其他-直播-直播-直播-直播,34
点播-点播-其他-跳出,33
直播-点播-点播-点播-点播-点播-直播,2
点播-点播-点播-其他-直播-直播-直播,5
点播-直播-直播-其他-直播-跳出,1
点播-跳出,39
其他-其他-奥运-其他-其他-奥运-奥运,1
点播-点播-其他-直播-其他-点播-点播,1
直播-直播-直播-点播-点播-跳出,26
其他-点播-其他-点播-其他-奥运-奥运,1
其他-其他-点播-其他-互动-跳出,3
其他-其他-点播-其他-互动-直播-互动,2
直播-直播-直播-其他-直播-点播-点播,1
点播-点播-直播-其他-点播-其他-奥运,1
其他-其他-点播-其他-直播-直播-点播,105
其他-其他-奥运-其他-奥运-其他-其他,10
直播-点播-点播-点播-直播-点播-跳出,1
其他-其他-奥运-其他-点播-点播-其他,5
直播-直播-其他-直播-点播-跳出,11
直播-直播-直播-直播-互动-其他-跳出,4
其他-其他-其他-直播-点播-直播-跳出,15
其他-其他-点播-其他-直播-点播-点播,3
点播-点播-点播-点播-直播-其他-直播,3
其他-其他-点播-其他-直播-其他-跳出,23
直播-直播-直播-点播-直播-直播-点播,25
其他-其他-其他-其他-奥运-奥运-跳出,2
直播-直播-直播-其他-其他-互动-直播,5
其他-其他-直播-直播-互动-直播-直播,2
其他-其他-直播-互动-互动-跳出,1
其他-互动-其他-其他-直播-直播-直播,1
其他-其他-直播-其他-商城-其他-商城,1
其他-其他-其他-商城-其他-其他-点播,7
直播-点播-点播-点播-点播-点播-跳出,1
直播-点播-点播-点播-跳出,3
直播-直播-互动-直播-直播-直播-跳出,2
其他-其他-直播-直播-点播-其他-点播,1
奥运-其他-其他-直播-直播-点播-跳出,1
直播-直播-直播-直播-其他-其他-其他,21
其他-点播-其他-直播-其他-直播-其他,2
直播-其他-直播-跳出,7
直播-其他-其他-互动-其他-跳出,1
其他-其他-奥运-其他-其他-奥运-其他,2
其他-其他-点播-其他-点播-其他-奥运,18
其他-其他-直播-其他-其他-点播-其他,36
其他-其他-互动-直播-互动-其他-跳出,2
直播-其他-其他-直播-点播-点播-跳出,1
其他-其他-其他-其他-点播-奥运-奥运,1
其他-互动-互动-跳出,1
其他-其他-奥运-其他-直播-互动-跳出,1
其他-其他-奥运-其他-互动-跳出,2
其他-其他-其他-其他-其他-奥运-跳出,1
点播-点播-其他-其他-其他-跳出,1
直播-其他-其他-直播-互动-其他-互动,1
其他-其他-互动-直播-互动-直播-直播,1
其他-其他-其他-商城-其他-跳出,13
直播-直播-点播-直播-直播-直播-点播,116
其他-点播-点播-其他-直播-跳出,1
其他-其他-其他-其他-奥运-奥运-奥运,6
点播-点播-点播-其他-其他-其他-点播,2
直播-直播-其他-其他-点播-点播-跳出,1
其他-其他-其他-商城-其他-商城-跳出,3
直播-点播-直播-跳出,129
奥运-奥运-其他-互动-其他-商城-商城,1
点播-其他-直播-点播-直播-其他-跳出,1
奥运-奥运-点播-奥运-奥运-点播-点播,1
其他-其他-互动-其他-跳出,97
奥运-奥运-互动-其他-直播-跳出,1
其他-直播-直播-点播-跳出,7
直播-直播-其他-其他-直播-互动-其他,1
直播-其他-奥运-其他-跳出,1
奥运-点播-跳出,1
其他-其他-直播-直播-互动-其他-其他,2
其他-其他-其他-奥运-奥运-奥运-奥运,2
其他-点播-点播-点播-其他-点播-点播,2
其他-其他-直播-互动-其他-其他-其他,45
其他-其他-奥运-其他-直播-其他-互动,5
直播-直播-其他-点播-跳出,16
其他-其他-点播-其他-奥运-跳出,11
直播-其他-其他-点播-点播-点播-点播,1
直播-直播-其他-直播-直播-跳出,39
其他-其他-直播-其他-其他-其他-奥运,4
直播-直播-直播-点播-点播-点播-跳出,6
直播-其他-点播-其他-点播-其他-点播,1
其他-其他-其他-互动-其他-直播-互动,2
直播-直播-其他-其他-互动-直播-其他,3
点播-点播-直播-其他-直播-其他-直播,13
直播-直播-直播-点播-直播-直播-互动,5
其他-其他-直播-互动-直播-其他-商城,1
其他-直播-点播-直播-直播-跳出,1
其他-点播-其他-其他-点播-其他-跳出,1
其他-其他-其他-奥运-其他-直播-点播,3
其他-其他-直播-互动-其他-互动-其他,30
其他-直播-点播-直播-点播-直播-跳出,1
其他-其他-奥运-奥运-奥运-其他-奥运,5
其他-其他-直播-其他-其他-点播-跳出,15
其他-其他-直播-点播-直播-其他-跳出,193
其他-其他-互动-其他-其他-直播-直播,1
直播-直播-直播-直播-其他-直播-其他,14
其他-其他-奥运-点播-点播-点播-点播,3
其他-其他-其他-其他-互动-其他-直播,4
其他-其他-直播-互动-其他-其他-奥运,6
其他-其他-其他-其他-其他-直播-点播,6
直播-跳出,613
其他-其他-互动-其他-互动-其他-商城,164
点播-点播-点播-点播-点播-直播-其他,4
直播-直播-点播-点播-直播-点播-跳出,3
直播-直播-直播-直播-点播-直播-点播,67
其他-奥运-其他-直播-其他-直播-其他,2
其他-其他-其他-互动-奥运-互动-其他,1
其他-其他-其他-其他-商城-商城-商城,3
其他-其他-直播-直播-其他-点播-跳出,3
直播-直播-其他-直播-直播-直播-其他,7
直播-直播-其他-直播-其他-直播-点播,8
点播-点播-直播-直播-直播-其他-其他,6
点播-点播-直播-直播-互动-直播-其他,2
直播-其他-直播-直播-点播-直播-直播,1
其他-其他-点播-其他-直播-其他-其他,33
其他-其他-互动-直播-直播-点播-点播,3
点播-点播-其他-其他-直播-直播-点播,5
点播-点播-点播-直播-点播-直播-点播,6
互动-互动-其他-直播-直播-跳出,1
点播-直播-其他-其他-跳出,1
其他-其他-互动-其他-商城-其他-跳出,5
其他-其他-商城-商城-商城-其他-跳出,1
其他-直播-直播-跳出,12
互动-互动-其他-直播-直播-点播-直播,1
点播-其他-其他-其他-直播-点播-直播,1
其他-直播-直播-点播-直播-直播-直播,5
其他-其他-直播-其他-其他-互动-奥运,3
其他-直播-直播-直播-点播-直播-其他,1
其他-其他-直播-互动-其他-点播-跳出,3
其他-其他-点播-其他-其他-直播-点播,2
直播-直播-其他-奥运-其他-奥运-跳出,1
其他-互动-直播-直播-直播-其他-商城,1
点播-点播-其他-互动-其他-互动-其他,1
直播-直播-其他-直播-其他-直播-其他,19
其他-其他-其他-点播-其他-直播-互动,1
其他-其他-直播-其他-其他-直播-直播,83
其他-其他-互动-其他-商城-跳出,2
直播-直播-互动-其他-直播-跳出,1
点播-直播-直播-直播-直播-跳出,1
直播-直播-直播-互动-其他-其他-跳出,1
点播-点播-点播-点播-直播-点播-直播,6
其他-其他-奥运-奥运-奥运-其他-跳出,1
点播-点播-直播-其他-直播-其他-其他,3
直播-点播-直播-直播-其他-其他-直播,5
其他-其他-其他-点播-其他-直播-点播,1
其他-其他-奥运-其他-其他-其他-直播,6
点播-点播-其他-其他-点播-跳出,2
点播-点播-其他-点播-其他-点播-跳出,5
其他-其他-商城-其他-其他-其他-其他,1
其他-直播-其他-直播-直播-直播-直播,2
点播-点播-点播-点播-其他-其他-其他,1
直播-直播-其他-奥运-奥运-奥运-其他,1
其他-其他-直播-其他-互动-其他-直播,6
其他-其他-点播-其他-点播-点播-点播,108
其他-其他-点播-其他-点播-其他-跳出,116
其他-其他-其他-其他-互动-直播-互动,1
其他-其他-点播-其他-其他-点播-其他,16
其他-其他-奥运-其他-跳出,85
其他-其他-奥运-奥运-其他-点播-其他,2
其他-其他-其他-直播-其他-商城-其他,3
其他-点播-点播-点播-点播-点播-其他,1
直播-直播-互动-其他-其他-直播-直播,6
互动-直播-直播-点播-点播-直播-点播,1
点播-其他-其他-跳出,3
其他-点播-跳出,14
其他-其他-互动-奥运-互动-奥运-互动,1
点播-直播-其他-直播-点播-直播-跳出,1
直播-直播-直播-直播-其他-奥运-跳出,1
其他-其他-点播-点播-点播-跳出,158
点播-点播-直播-其他-其他-跳出,6
直播-其他-其他-直播-直播-直播-其他,1
其他-其他-直播-其他-其他-奥运-奥运,2
直播-直播-其他-其他-互动-直播-互动,2
其他-其他-其他-互动-直播-其他-其他,52
其他-其他-互动-其他-其他-直播-跳出,2
直播-点播-直播-其他-其他-跳出,4
其他-其他-其他-点播-其他-其他-点播,4
直播-直播-直播-其他-商城-商城-商城,2
其他-其他-其他-其他-奥运-跳出,4
其他-其他-直播-其他-商城-其他-跳出,2
其他-其他-点播-其他-其他-跳出,29
其他-其他-其他-奥运-其他-奥运-跳出,2
其他-其他-点播-其他-点播-其他-互动,7
其他-其他-其他-商城-其他-其他-互动,6
其他-其他-点播-直播-直播-跳出,1
其他-其他-奥运-奥运-奥运-其他-其他,3
直播-直播-其他-其他-其他-其他-点播,3
点播-直播-直播-直播-直播-直播-点播,1
互动-互动-直播-直播-直播-跳出,3
直播-其他-直播-其他-其他-直播-其他,2
其他-其他-其他-奥运-其他-其他-其他,3
点播-点播-直播-直播-点播-直播-点播,5
其他-其他-奥运-奥运-奥运-跳出,8
其他-其他-点播-其他-直播-奥运-直播,1
点播-直播-直播-直播-点播-跳出,12
点播-点播-点播-其他-点播-其他-其他,2
其他-其他-其他-其他-直播-点播-跳出,3
点播-点播-直播-点播-点播-点播-点播,1
直播-其他-直播-其他-直播-直播-直播,2
直播-直播-其他-奥运-其他-点播-其他,1
直播-直播-点播-直播-直播-其他-点播,4
其他-其他-其他-奥运-奥运-奥运-其他,1
其他-其他-直播-互动-直播-直播-直播,10
直播-点播-直播-直播-其他-互动-直播,1
其他-直播-其他-其他-直播-直播-直播,3
其他-其他-直播-直播-其他-直播-其他,26
其他-其他-其他-互动-其他-其他-直播,8
点播-点播-直播-直播-直播-直播-互动,2
其他-其他-点播-其他-其他-其他-直播,11
其他-其他-其他-奥运-奥运-跳出,3
其他-其他-其他-直播-直播-其他-跳出,4
其他-其他-奥运-奥运-奥运-其他-直播,2
其他-其他-直播-其他-其他-其他-互动,25
其他-其他-直播-其他-互动-跳出,12
点播-点播-点播-直播-直播-互动-其他,1
其他-直播-其他-直播-其他-其他-点播,1
其他-其他-其他-互动-其他-其他-互动,6
其他-直播-直播-直播-直播-直播-其他,4
其他-其他-互动-其他-直播-直播-直播,3
直播-直播-直播-直播-其他-直播-点播,1
其他-其他-互动-直播-其他-商城-跳出,1
其他-点播-其他-直播-直播-跳出,1
点播-点播-直播-直播-跳出,198
点播-直播-直播-点播-直播-直播-点播,1
其他-点播-点播-点播-点播-点播-点播,2
其他-其他-直播-互动-直播-互动-跳出,1
直播-直播-直播-直播-点播-直播-跳出,78
直播-点播-直播-点播-直播-直播-其他,3
其他-其他-互动-其他-直播-直播-跳出,1
直播-直播-其他-其他-其他-互动-直播,3
其他-其他-奥运-其他-点播-点播-点播,45
点播-点播-点播-奥运-其他-点播-点播,1
直播-直播-直播-其他-其他-跳出,11
其他-其他-其他-互动-直播-直播-点播,27
其他-其他-点播-其他-直播-其他-直播,49
其他-其他-其他-其他-直播-互动-其他,11
直播-其他-直播-其他-跳出,5
奥运-其他-其他-跳出,1
其他-点播-其他-其他-互动-直播-直播,1
其他-其他-点播-其他-奥运-其他-直播,22
互动-互动-直播-直播-直播-直播-跳出,1
直播-直播-互动-其他-点播-点播-点播,1
直播-直播-点播-直播-其他-其他-其他,1
其他-其他-奥运-其他-互动-直播-直播,1
直播-其他-其他-直播-其他-奥运-其他,1
其他-其他-互动-其他-直播-其他-互动,1
直播-直播-互动-其他-直播-直播-跳出,1
点播-点播-点播-直播-直播-其他-点播,1
点播-点播-点播-直播-跳出,49
其他-其他-奥运-奥运-其他-其他-互动,1
其他-其他-奥运-点播-奥运-其他-点播,5
其他-其他-其他-直播-点播-跳出,29
其他-其他-直播-互动-其他-互动-直播,11
直播-其他-其他-直播-直播-其他-其他,1
其他-其他-直播-直播-直播-其他-商城,3
点播-点播-直播-点播-直播-直播-其他,11
其他-其他-互动-直播-其他-其他-点播,1
点播-点播-其他-其他-商城-商城-商城,1
其他-其他-互动-直播-其他-跳出,4
其他-其他-直播-其他-奥运-奥运-其他,5
直播-其他-其他-其他-商城-其他-直播,1
点播-点播-点播-直播-直播-直播-直播,28
其他-其他-点播-其他-奥运-其他-点播,16
其他-点播-点播-其他-点播-其他-跳出,1
点播-点播-其他-点播-其他-其他-其他,1
其他-其他-奥运-点播-奥运-其他-跳出,3
直播-直播-互动-其他-直播-互动-直播,1
其他-其他-其他-直播-直播-直播-跳出,93
互动-互动-其他-互动-其他-点播-其他,2
其他-其他-点播-其他-互动-其他-互动,12
直播-直播-直播-其他-直播-其他-奥运,1
其他-其他-点播-其他-直播-互动-直播,4
其他-其他-其他-其他-其他-跳出,119
其他-互动-其他-互动-其他-互动-其他,3
点播-直播-直播-直播-点播-直播-直播,7
其他-其他-其他-奥运-点播-奥运-其他,2
点播-点播-点播-点播-直播-跳出,13
其他-其他-其他-商城-其他-商城-其他,15
其他-其他-直播-其他-直播-点播-直播,124
其他-其他-其他-点播-其他-点播-其他,43
直播-直播-点播-直播-其他-奥运-其他,2
点播-点播-点播-点播-跳出,113
其他-其他-其他-直播-其他-其他-直播,17
直播-直播-其他-直播-直播-直播-跳出,13
其他-其他-其他-奥运-其他-点播-跳出,2
其他-其他-互动-其他-其他-跳出,9
其他-其他-点播-其他-其他-直播-互动,3
直播-直播-点播-直播-其他-直播-互动,1
互动-互动-其他-互动-其他-互动-其他,8
其他-其他-直播-其他-点播-点播-跳出,11
点播-其他-其他-直播-直播-直播-直播,1
其他-其他-直播-点播-直播-直播-直播,7
其他-其他-直播-点播-点播-直播-直播,3
其他-其他-其他-商城-其他-直播-其他,1
点播-点播-直播-其他-点播-点播-点播,3
直播-其他-直播-直播-直播-其他-跳出,1
直播-直播-其他-其他-其他-直播-互动,1
直播-其他-其他-点播-其他-点播-其他,1
其他-其他-其他-直播-其他-直播-直播,44
其他-互动-其他-其他-其他-其他-其他,1
其他-其他-点播-其他-奥运-其他-奥运,15
其他-其他-其他-直播-其他-直播-其他,43
其他-其他-其他-直播-其他-跳出,47
互动-互动-其他-互动-其他-互动-直播,1
直播-互动-其他-互动-其他-其他-跳出,1
其他-其他-直播-直播-互动-其他-直播,2
其他-其他-奥运-奥运-奥运-奥运-奥运,14
点播-点播-直播-直播-其他-商城-商城,1
点播-点播-直播-其他-直播-互动-其他,2
直播-直播-直播-直播-直播-点播-跳出,22
直播-点播-点播-点播-直播-跳出,2
其他-其他-直播-其他-点播-直播-跳出,1
其他-其他-直播-奥运-直播-其他-点播,2
直播-直播-互动-其他-其他-点播-跳出,2
点播-点播-点播-直播-直播-其他-直播,1
点播-点播-点播-直播-其他-直播-跳出,2
其他-其他-点播-直播-点播-其他-点播,1
直播-点播-点播-直播-其他-跳出,1
直播-直播-其他-直播-点播-直播-点播,9
直播-直播-其他-点播-其他-点播-跳出,2
直播-其他-其他-直播-直播-跳出,12
直播-直播-直播-其他-直播-其他-点播,1
点播-点播-点播-点播-点播-点播-奥运,1
其他-其他-奥运-其他-直播-其他-其他,14
直播-其他-其他-直播-其他-商城-其他,1
互动-互动-直播-其他-直播-其他-其他,1
其他-其他-奥运-其他-其他-直播-点播,3
其他-其他-点播-其他-直播-其他-商城,2
其他-其他-互动-其他-直播-其他-其他,3
其他-其他-其他-商城-商城-跳出,2
其他-其他-奥运-其他-直播-互动-直播,1
点播-点播-点播-点播-其他-直播-其他,2
其他-其他-直播-直播-其他-互动-其他,1
点播-点播-其他-直播-跳出,8
其他-其他-点播-直播-直播-点播-跳出,1
互动-互动-直播-直播-跳出,2
直播-直播-点播-点播-直播-其他-其他,4
互动-直播-跳出,1
直播-直播-直播-其他-跳出,45
直播-直播-直播-其他-直播-其他-跳出,3
直播-直播-其他-其他-其他-商城-商城,2
直播-直播-互动-直播-其他-其他-直播,2
直播-点播-直播-点播-直播-直播-直播,5
点播-点播-其他-点播-其他-直播-跳出,3
其他-其他-其他-直播-直播-点播-其他,1
其他-其他-其他-直播-互动-直播-直播,6
直播-直播-点播-直播-直播-互动-互动,1
点播-点播-其他-其他-点播-其他-点播,1
其他-其他-点播-其他-互动-直播-直播,3
直播-点播-直播-点播-直播-其他-跳出,1
直播-点播-直播-其他-其他-点播-点播,1
其他-其他-直播-其他-点播-点播-其他,8
点播-点播-直播-其他-直播-点播-点播,14
其他-其他-直播-其他-奥运-点播-奥运,4
其他-其他-直播-直播-直播-其他-其他,209
直播-直播-直播-直播-直播-互动-其他,5
其他-其他-奥运-其他-奥运-奥运-跳出,4
其他-其他-奥运-其他-其他-其他-点播,4
点播-点播-直播-点播-直播-点播-跳出,9
其他-其他-其他-互动-直播-直播-直播,82
其他-其他-点播-其他-直播-直播-直播,276
其他-其他-其他-点播-跳出,50
其他-其他-直播-点播-点播-点播-点播,15
其他-其他-直播-其他-互动-直播-其他,6
其他-其他-点播-奥运-跳出,2
其他-其他-其他-直播-其他-商城-跳出,1
其他-其他-直播-互动-直播-互动-直播,4
其他-其他-其他-直播-互动-直播-跳出,3
点播-点播-直播-其他-点播-其他-直播,2
其他-其他-点播-其他-奥运-奥运-点播,1
直播-其他-其他-跳出,20
其他-其他-其他-互动-其他-商城-其他,6
其他-其他-其他-直播-点播-直播-点播,16
其他-其他-其他-其他-直播-其他-互动,5
点播-点播-点播-其他-点播-点播-跳出,1
直播-直播-其他-其他-其他-跳出,7
点播-点播-其他-直播-其他-跳出,1
其他-直播-直播-直播-其他-其他-其他,1
直播-直播-直播-点播-直播-点播-跳出,9
直播-直播-直播-直播-跳出,1238
点播-点播-直播-点播-点播-直播-直播,6
直播-点播-直播-点播-直播-跳出,14
直播-直播-其他-点播-其他-直播-点播,1
直播-点播-直播-其他-其他-直播-直播,9
其他-其他-其他-其他-点播-跳出,12
直播-直播-点播-直播-点播-直播-其他,12
其他-其他-奥运-其他-奥运-奥运-奥运,1
直播-直播-点播-直播-其他-其他-跳出,1
点播-点播-其他-其他-互动-直播-直播,1
其他-其他-直播-直播-直播-直播-互动,3
其他-其他-奥运-点播-奥运-其他-其他,2
其他-其他-其他-其他-奥运-奥运-点播,1
其他-其他-其他-直播-其他-直播-点播,15
点播-点播-点播-点播-其他-其他-跳出,1
点播-点播-点播-点播-点播-跳出,34
其他-直播-直播-点播-直播-直播-其他,3
其他-其他-其他-互动-互动-直播-直播,2
其他-其他-其他-互动-其他-点播-点播,2
直播-点播-直播-直播-直播-点播-直播,27
其他-其他-奥运-奥运-跳出,17
其他-其他-点播-点播-其他-奥运-跳出,1
奥运-其他-直播-直播-直播-其他-奥运,1
其他-其他-点播-其他-其他-点播-跳出,8
其他-其他-奥运-其他-其他-互动-直播,7
奥运-奥运-其他-直播-点播-直播-其他,1
其他-其他-直播-直播-直播-互动-奥运,1
直播-其他-直播-其他-直播-跳出,2
奥运-奥运-其他-奥运-跳出,3
其他-其他-直播-互动-直播-其他-直播,5
直播-直播-直播-其他-点播-其他-奥运,1
其他-其他-其他-奥运-跳出,13
直播-直播-点播-点播-直播-点播-点播,1
其他-直播-直播-直播-其他-其他-直播,1
其他-其他-直播-互动-其他-互动-跳出,4
点播-点播-直播-直播-直播-点播-跳出,163
其他-其他-其他-点播-直播-其他-跳出,1
点播-点播-其他-直播-直播-点播-直播,2
其他-互动-其他-其他-直播-直播-点播,1
其他-其他-其他-直播-互动-其他-商城,1
直播-其他-直播-直播-直播-跳出,3
其他-其他-其他-其他-直播-互动-跳出,2
其他-其他-直播-点播-点播-点播-跳出,5
其他-其他-其他-其他-直播-其他-直播,23
直播-点播-直播-直播-直播-点播-跳出,2
其他-其他-其他-点播-其他-互动-跳出,1
其他-其他-奥运-其他-奥运-其他-直播,35
点播-点播-点播-点播-其他-其他-直播,2
其他-其他-奥运-其他-其他-点播-跳出,2
直播-直播-直播-跳出,1196
直播-直播-其他-奥运-奥运-奥运-跳出,1
其他-其他-其他-互动-其他-其他-其他,26
其他-其他-其他-直播-其他-其他-跳出,14
其他-其他-点播-其他-跳出,406
直播-直播-其他-奥运-跳出,2
点播-其他-直播-其他-奥运-其他-其他,1
点播-点播-直播-其他-其他-其他-跳出,1
其他-奥运-其他-直播-其他-跳出,1
直播-直播-其他-其他-点播-点播-其他,1
直播-直播-其他-点播-其他-直播-跳出,2
奥运-奥运-奥运-互动-其他-商城-其他,1
点播-点播-点播-直播-其他-跳出,4
其他-其他-直播-点播-点播-直播-跳出,23
其他-其他-点播-其他-其他-商城-其他,7
互动-互动-直播-直播-直播-直播-直播,2
直播-点播-直播-其他-其他-点播-其他,2
其他-其他-直播-直播-点播-点播-点播,91
其他-其他-奥运-奥运-奥运-其他-点播,3
其他-其他-其他-其他-互动-其他-其他,5
其他-其他-点播-其他-点播-跳出,205
其他-其他-奥运-其他-直播-其他-跳出,17
其他-其他-直播-直播-点播-点播-跳出,98
其他-其他-直播-直播-其他-直播-互动,2
其他-其他-奥运-其他-其他-其他-其他,10
其他-其他-其他-商城-商城-商城-其他,22
直播-其他-其他-直播-直播-直播-直播,17
其他-其他-其他-奥运-其他-互动-跳出,1
直播-点播-点播-点播-直播-其他-其他,1
其他-其他-其他-直播-直播-直播-直播,260
其他-其他-直播-直播-直播-互动-其他,73
其他-其他-点播-其他-直播-其他-互动,7
直播-直播-互动-直播-直播-点播-跳出,1
点播-点播-点播-点播-点播-直播-点播,2
其他-其他-直播-其他-其他-商城-其他,2
直播-直播-直播-点播-直播-其他-其他,8
点播-点播-点播-点播-其他-点播-跳出,1
直播-直播-其他-直播-其他-点播-跳出,2
奥运-奥运-其他-直播-直播-直播-跳出,1
点播-直播-直播-直播-直播-点播-跳出,1
其他-其他-奥运-其他-其他-奥运-跳出,1
直播-直播-直播-其他-直播-其他-其他,6
直播-点播-其他-其他-直播-直播-点播,1
其他-其他-直播-其他-直播-互动-跳出,2
其他-其他-其他-直播-直播-互动-直播,1
互动-其他-直播-其他-直播-直播-跳出,1
互动-互动-直播-跳出,3
点播-点播-点播-其他-点播-点播-其他,2
直播-直播-其他-直播-直播-其他-其他,2
点播-直播-其他-直播-点播-直播-其他,1
奥运-奥运-其他-直播-其他-其他-直播,1
直播-其他-点播-其他-其他-其他-其他,1
点播-点播-直播-跳出,405
直播-点播-直播-其他-跳出,3
点播-点播-直播-直播-其他-点播-其他,7
其他-点播-其他-点播-其他-其他-其他,1
点播-点播-直播-点播-其他-其他-直播,1
直播-点播-跳出,110
其他-其他-直播-其他-其他-直播-互动,7
直播-直播-其他-点播-其他-跳出,6
其他-其他-其他-其他-互动-奥运-互动,2
直播-直播-直播-其他-直播-其他-直播,12
其他-直播-点播-直播-其他-直播-跳出,1
直播-直播-其他-奥运-其他-奥运-其他,1
直播-直播-直播-互动-直播-跳出,1
直播-直播-其他-点播-点播-跳出,2
点播-点播-直播-其他-直播-直播-跳出,3
直播-直播-互动-其他-直播-其他-直播,1
直播-直播-直播-直播-直播-其他-互动,5
点播-点播-直播-直播-点播-跳出,7
其他-点播-点播-点播-其他-其他-其他,1
其他-其他-其他-直播-其他-互动-跳出,2
互动-互动-其他-其他-其他-互动-其他,1
其他-其他-点播-其他-其他-直播-其他,10
其他-其他-奥运-其他-直播-互动-其他,4
直播-其他-直播-直播-直播-其他-直播,1
其他-其他-直播-点播-直播-其他-直播,397
奥运-奥运-点播-点播-点播-跳出,1
直播-直播-互动-其他-直播-直播-直播,1
其他-其他-其他-其他-互动-互动-其他,1
其他-其他-直播-其他-直播-其他-跳出,104
其他-其他-奥运-奥运-点播-奥运-奥运,1
其他-其他-商城-其他-直播-互动-跳出,1
直播-直播-直播-互动-其他-其他-其他,1
点播-点播-点播-其他-点播-其他-互动,1
点播-点播-点播-直播-其他-直播-其他,2
其他-其他-互动-其他-互动-其他-奥运,4
其他-点播-点播-点播-点播-其他-点播,1
其他-其他-点播-其他-其他-互动-跳出,5
其他-直播-点播-直播-点播-直播-点播,4
直播-其他-其他-其他-其他-其他-直播,3
直播-直播-其他-其他-直播-点播-直播,3
点播-直播-点播-直播-点播-直播-跳出,1
直播-直播-其他-直播-互动-其他-其他,2
其他-其他-奥运-点播-点播-跳出,2
其他-其他-互动-其他-商城-商城-商城,5
直播-其他-点播-点播-点播-其他-跳出,1
其他-其他-直播-点播-其他-其他-点播,1
其他-其他-直播-直播-直播-其他-跳出,184
点播-点播-点播-直播-直播-直播-其他,1
点播-点播-其他-奥运-跳出,1
其他-直播-其他-点播-其他-直播-直播,1
其他-其他-其他-其他-点播-其他-直播,15
其他-其他-商城-其他-其他-互动-其他,1
直播-点播-点播-点播-点播-直播-直播,1
直播-直播-点播-点播-直播-其他-直播,2
其他-其他-直播-其他-直播-互动-其他,24
直播-直播-其他-其他-其他-直播-直播,13
奥运-奥运-奥运-奥运-奥运-奥运-奥运,6
其他-其他-直播-直播-直播-直播-直播,2190
其他-其他-直播-直播-其他-其他-点播,9
直播-直播-其他-直播-直播-直播-点播,1
其他-其他-其他-其他-直播-点播-点播,1
点播-直播-直播-直播-直播-直播-其他,1
其他-互动-直播-直播-直播-直播-直播,1
其他-点播-点播-点播-点播-点播-跳出,1
直播-点播-点播-直播-点播-直播-直播,1
其他-其他-商城-其他-直播-其他-商城,1
其他-直播-直播-直播-其他-奥运-跳出,1
直播-直播-直播-直播-直播-其他-直播,24
其他-直播-直播-直播-其他-跳出,1
直播-直播-点播-直播-直播-直播-跳出,28
其他-其他-直播-其他-直播-其他-点播,77
点播-点播-其他-点播-点播-点播-点播,5
其他-点播-其他-直播-其他-其他-跳出,1
其他-其他-其他-点播-其他-奥运-跳出,1
点播-点播-直播-其他-点播-其他-其他,1
其他-直播-其他-其他-直播-其他-跳出,1
直播-直播-其他-点播-点播-其他-点播,2
直播-点播-直播-直播-其他-直播-其他,1
直播-直播-其他-点播-其他-直播-直播,6
直播-直播-其他-其他-互动-直播-直播,2
其他-其他-直播-直播-其他-其他-其他,15
其他-其他-互动-直播-互动-奥运-奥运,1
直播-直播-直播-点播-跳出,210
其他-其他-互动-其他-互动-其他-点播,8
其他-直播-点播-直播-其他-直播-其他,1
其他-其他-其他-奥运-其他-奥运-点播,1
直播-直播-点播-点播-直播-直播-点播,3
直播-直播-直播-直播-互动-其他-其他,4
其他-其他-直播-其他-直播-直播-跳出,185
其他-其他-直播-直播-点播-直播-点播,801
直播-直播-点播-点播-直播-直播-跳出,6
点播-点播-其他-直播-直播-直播-点播,1
点播-点播-点播-其他-其他-直播-直播,2
直播-点播-直播-直播-跳出,17
其他-其他-其他-其他-点播-其他-奥运,4
其他-其他-其他-奥运-奥运-奥运-跳出,1
其他-其他-奥运-其他-其他-互动-跳出,2
其他-其他-奥运-其他-其他-商城-跳出,1
点播-点播-直播-直播-其他-点播-跳出,2
其他-其他-互动-其他-其他-点播-其他,1
互动-互动-互动-直播-跳出,1
其他-其他-直播-其他-点播-其他-奥运,14
点播-点播-点播-点播-其他-其他-互动,1
其他-直播-其他-奥运-其他-点播-点播,1
其他-其他-互动-其他-互动-其他-跳出,20
直播-直播-其他-其他-商城-其他-其他,1
其他-其他-其他-奥运-其他-互动-其他,1
其他-其他-直播-互动-其他-其他-互动,11
其他-其他-奥运-其他-直播-其他-奥运,23
互动-互动-直播-直播-点播-直播-直播,2
直播-点播-直播-直播-点播-直播-直播,1
点播-点播-其他-其他-直播-跳出,2
直播-直播-直播-其他-点播-跳出,7
其他-其他-其他-互动-直播-其他-直播,23
其他-直播-点播-直播-其他-其他-直播,5
其他-其他-直播-直播-互动-直播-其他,1
其他-其他-互动-奥运-互动-其他-跳出,1
其他-其他-点播-点播-其他-其他-直播,1
直播-其他-直播-直播-跳出,2
奥运-奥运-奥运-奥运-互动-其他-其他,1
直播-点播-直播-直播-其他-直播-直播,1
其他-其他-其他-互动-奥运-奥运-奥运,3
其他-其他-其他-其他-直播-其他-跳出,13
其他-其他-其他-点播-其他-奥运-其他,6
直播-点播-直播-直播-其他-其他-点播,1
其他-其他-互动-直播-其他-其他-其他,10
直播-直播-其他-其他-其他-直播-其他,4
其他-其他-直播-直播-其他-其他-奥运,1
其他-其他-其他-互动-其他-其他-点播,6
直播-直播-点播-直播-其他-奥运-跳出,2
其他-其他-奥运-其他-其他-跳出,12
其他-其他-直播-其他-其他-直播-其他,48
其他-其他-其他-其他-奥运-其他-直播,7
互动-互动-互动-其他-其他-点播-其他,1
互动-互动-其他-直播-直播-直播-其他,1
奥运-奥运-点播-奥运-其他-其他-其他,1
其他-其他-点播-其他-其他-直播-跳出,6
直播-点播-直播-点播-点播-直播-其他,1
其他-其他-直播-其他-奥运-其他-互动,3
直播-直播-直播-其他-直播-互动-直播,1
点播-直播-直播-其他-其他-点播-其他,1
其他-其他-互动-其他-其他-互动-直播,3
其他-其他-互动-直播-其他-直播-跳出,3
其他-互动-互动-其他-跳出,1
直播-直播-直播-点播-直播-点播-直播,189
其他-其他-其他-点播-其他-点播-点播,7
其他-其他-互动-直播-直播-直播-跳出,10
其他-其他-其他-点播-其他-其他-跳出,2
其他-其他-其他-商城-其他-互动-奥运,1
其他-其他-直播-其他-点播-其他-其他,44
奥运-奥运-其他-点播-点播-点播-点播,1
其他-其他-其他-其他-直播-点播-直播,18
其他-其他-奥运-其他-互动-其他-跳出,1
其他-其他-奥运-其他-直播-直播-点播,70
其他-其他-其他-互动-奥运-互动-奥运,1
点播-点播-直播-其他-其他-点播-其他,1
其他-其他-奥运-其他-奥运-点播-点播,5
直播-直播-点播-点播-直播-跳出,22
点播-点播-其他-直播-点播-跳出,1
直播-点播-直播-点播-直播-点播-点播,2
直播-直播-直播-点播-直播-点播-点播,15
其他-奥运-其他-其他-其他-其他-跳出,1
点播-点播-其他-其他-其他-互动-直播,1
其他-其他-直播-互动-直播-直播-跳出,5
点播-点播-点播-点播-直播-直播-直播,17
直播-直播-直播-直播-其他-跳出,35
直播-直播-直播-互动-直播-直播-直播,2
直播-其他-其他-其他-直播-直播-直播,2
直播-直播-直播-直播-互动-其他-点播,2
直播-直播-点播-直播-点播-跳出,22
其他-直播-其他-直播-直播-点播-跳出,1
其他-奥运-其他-奥运-其他-奥运-其他,1
点播-点播-其他-直播-直播-跳出,6
其他-其他-奥运-点播-奥运-奥运-奥运,2
直播-直播-直播-其他-其他-其他-互动,1
其他-其他-奥运-其他-奥运-奥运-其他,5
点播-点播-点播-点播-点播-奥运-其他,1
其他-其他-其他-其他-互动-奥运-奥运,1
其他-其他-其他-商城-商城-商城-商城,9
其他-其他-其他-直播-互动-其他-点播,3
直播-直播-互动-其他-其他-点播-其他,1
其他-其他-其他-其他-其他-互动-跳出,5
直播-直播-直播-其他-商城-其他-其他,1
直播-直播-直播-直播-直播-点播-点播,11
直播-直播-其他-其他-点播-点播-点播,2
点播-点播-其他-直播-其他-点播-其他,1
其他-其他-其他-其他-点播-其他-跳出,16
直播-直播-其他-奥运-其他-直播-其他,5
其他-直播-直播-点播-点播-直播-跳出,1
直播-直播-点播-直播-直播-其他-跳出,7
点播-点播-直播-直播-直播-直播-直播,135
直播-其他-其他-直播-其他-奥运-奥运,1
其他-其他-直播-点播-直播-直播-点播,18
其他-其他-商城-商城-跳出,1
直播-直播-点播-其他-其他-直播-直播,2
其他-其他-直播-其他-互动-直播-跳出,5
其他-其他-其他-其他-直播-其他-点播,7
其他-其他-其他-奥运-奥运-其他-跳出,1
其他-其他-点播-点播-其他-互动-直播,1
直播-直播-其他-其他-直播-其他-点播,1
其他-其他-商城-其他-其他-其他-跳出,1
互动-其他-互动-其他-商城-其他-其他,1
其他-互动-其他-互动-其他-商城-跳出,1
互动-跳出,2
直播-直播-直播-互动-奥运-互动-跳出,1
其他-其他-其他-直播-其他-直播-互动,9
直播-其他-直播-点播-点播-点播-跳出,1
其他-直播-点播-直播-其他-点播-点播,2
点播-点播-直播-其他-点播-其他-点播,2
其他-其他-互动-其他-互动-跳出,38
奥运-其他-跳出,1
直播-其他-其他-其他-其他-直播-互动,1
直播-直播-其他-直播-其他-奥运-其他,3
其他-其他-其他-直播-其他-其他-点播,4
点播-直播-点播-点播-跳出,3
点播-点播-其他-其他-直播-其他-直播,3
其他-其他-其他-其他-其他-其他-跳出,74
其他-其他-其他-其他-商城-其他-其他,1
直播-直播-点播-其他-跳出,2
奥运-其他-其他-奥运-其他-直播-其他,1
点播-点播-点播-其他-其他-商城-商城,1
直播-直播-其他-直播-点播-直播-跳出,13
其他-其他-互动-直播-跳出,36
点播-直播-直播-直播-直播-直播-跳出,1
直播-点播-点播-直播-直播-直播-点播,5
点播-点播-点播-点播-其他-点播-点播,5
其他-其他-奥运-奥运-其他-奥运-其他,8
其他-其他-点播-其他-其他-互动-其他,14
直播-直播-直播-点播-点播-直播-跳出,14
直播-直播-直播-其他-其他-其他-其他,10
直播-直播-其他-直播-其他-其他-跳出,6
直播-直播-点播-直播-直播-其他-其他,11
直播-直播-其他-直播-跳出,74
直播-点播-点播-点播-直播-直播-直播,2
其他-其他-互动-其他-点播-点播-点播,2
其他-其他-奥运-直播-奥运-跳出,1
直播-直播-其他-其他-奥运-跳出,1
其他-其他-直播-直播-点播-点播-直播,226
直播-点播-直播-直播-其他-点播-跳出,1
其他-其他-直播-直播-直播-互动-跳出,10
其他-其他-直播-点播-直播-其他-奥运,38
点播-点播-其他-直播-其他-直播-互动,1
其他-其他-直播-直播-点播-点播-其他,4
直播-直播-直播-直播-直播-互动-直播,2
直播-点播-直播-点播-直播-直播-跳出,1
其他-其他-互动-其他-互动-其他-其他,61
直播-直播-直播-其他-直播-直播-其他,3
奥运-奥运-其他-奥运-其他-奥运-其他,1
点播-点播-直播-点播-直播-直播-跳出,16
其他-其他-互动-其他-商城-其他-商城,8
其他-其他-直播-互动-其他-商城-跳出,1
其他-其他-奥运-其他-点播-其他-其他,13
其他-其他-其他-点播-其他-其他-其他,5
其他-其他-奥运-跳出,196
直播-直播-直播-互动-其他-直播-其他,1
直播-直播-直播-直播-直播-其他-跳出,20
其他-奥运-其他-其他-直播-其他-其他,1
其他-直播-其他-直播-直播-点播-直播,2
互动-直播-直播-直播-其他-其他-其他,1
其他-其他-点播-点播-点播-其他-跳出,89
其他-其他-直播-其他-互动-其他-商城,1
点播-点播-直播-其他-奥运-其他-跳出,2
其他-其他-直播-点播-直播-直播-跳出,11
直播-其他-其他-直播-其他-点播-跳出,1
其他-其他-互动-其他-互动-其他-直播,5
其他-其他-其他-其他-其他-其他-点播,52
点播-点播-直播-点播-点播-直播-其他,2
点播-点播-直播-直播-直播-点播-点播,73
直播-直播-其他-点播-其他-其他-其他,2
其他-其他-其他-互动-其他-互动-跳出,9
点播-点播-其他-其他-点播-点播-点播,1
其他-其他-直播-其他-其他-其他-跳出,60
直播-直播-直播-其他-点播-其他-跳出,5
其他-其他-奥运-点播-跳出,3
直播-直播-点播-其他-直播-直播-直播,1
其他-其他-奥运-其他-点播-跳出,40
其他-其他-奥运-奥运-其他-直播-直播,4
直播-其他-直播-其他-点播-其他-点播,1
点播-直播-点播-直播-其他-直播-跳出,1
其他-其他-其他-互动-其他-互动-互动,1
直播-直播-直播-其他-其他-直播-其他,14
其他-其他-点播-点播-其他-其他-跳出,2
直播-直播-直播-直播-直播-点播-直播,152
奥运-跳出,71
点播-点播-其他-其他-直播-点播-直播,1
点播-点播-点播-点播-直播-直播-点播,4
其他-其他-其他-直播-其他-点播-跳出,7
其他-其他-其他-其他-其他-其他-其他,293
其他-其他-直播-其他-直播-其他-商城,1
其他-其他-其他-其他-其他-直播-跳出,18
其他-其他-互动-其他-直播-点播-直播,2
直播-直播-直播-直播-点播-跳出,85
点播-点播-直播-直播-直播-其他-点播,1
直播-点播-直播-直播-直播-直播-跳出,3
直播-直播-点播-直播-其他-直播-跳出,4
其他-其他-奥运-其他-其他-商城-其他,1
直播-直播-其他-直播-其他-点播-其他,8
其他-其他-其他-直播-直播-跳出,163
其他-点播-点播-其他-点播-点播-跳出,1
直播-直播-直播-直播-其他-其他-奥运,3
其他-其他-点播-奥运-点播-其他-直播,2
其他-其他-直播-其他-直播-直播-直播,440
直播-其他-其他-互动-跳出,1
其他-其他-其他-互动-其他-互动-直播,4
直播-直播-直播-互动-其他-点播-其他,2
直播-点播-直播-直播-直播-直播-直播,4
直播-直播-直播-点播-直播-其他-直播,3
其他-点播-其他-点播-其他-直播-直播,2
点播-点播-点播-奥运-奥运-跳出,1
点播-点播-直播-点播-直播-直播-点播,3
直播-其他-直播-点播-直播-点播-点播,1
点播-点播-点播-其他-其他-奥运-跳出,1
其他-其他-点播-其他-点播-其他-点播,492
直播-点播-直播-点播-跳出,11
点播-直播-直播-点播-直播-直播-直播,2
直播-直播-点播-直播-其他-直播-其他,8
互动-互动-其他-点播-点播-点播-点播,2
直播-直播-互动-直播-直播-直播-直播,2
其他-其他-互动-其他-其他-点播-点播,3
直播-直播-直播-直播-其他-互动-跳出,2
点播-点播-点播-点播-点播-其他-其他,2
其他-其他-其他-直播-直播-点播-点播,44
其他-其他-直播-直播-直播-其他-点播,178
点播-点播-点播-其他-互动-跳出,1
直播-其他-其他-其他-直播-点播-直播,1
点播-点播-其他-其他-其他-直播-直播,1
直播-直播-其他-其他-直播-直播-跳出,11
其他-直播-点播-直播-其他-其他-其他,3
点播-点播-点播-直播-点播-直播-跳出,6
直播-直播-点播-其他-点播-其他-点播,2
其他-其他-其他-奥运-其他-跳出,6
点播-点播-直播-直播-直播-点播-其他,1
其他-其他-其他-互动-其他-奥运-奥运,2
其他-其他-点播-点播-其他-点播-跳出,6
点播-点播-点播-跳出,356
点播-点播-直播-其他-点播-点播-跳出,1
其他-其他-其他-互动-直播-其他-点播,5
其他-直播-其他-互动-跳出,1
其他-其他-其他-直播-互动-其他-互动,8
直播-直播-直播-互动-直播-其他-直播,1
直播-直播-直播-直播-直播-其他-点播,16
其他-直播-其他-其他-跳出,2
直播-点播-直播-其他-直播-直播-直播,2
其他-其他-奥运-点播-奥运-跳出,9
奥运-奥运-奥运-奥运-奥运-奥运-互动,1
直播-直播-其他-直播-其他-点播-点播,2
其他-其他-其他-商城-其他-其他-奥运,1
直播-点播-直播-其他-直播-点播-直播,2
点播-点播-点播-点播-点播-直播-跳出,3
其他-其他-直播-其他-其他-互动-跳出,12
点播-直播-直播-直播-点播-直播-点播,4
其他-其他-奥运-其他-奥运-点播-跳出,1
其他-其他-其他-商城-其他-直播-直播,3
直播-直播-直播-点播-直播-直播-跳出,329
其他-商城-跳出,1
直播-直播-其他-其他-直播-其他-其他,4
直播-直播-点播-点播-直播-其他-跳出,1
直播-点播-点播-直播-点播-跳出,1
直播-直播-直播-直播-其他-其他-跳出,9
直播-直播-互动-其他-其他-其他-互动,1
其他-其他-互动-其他-其他-直播-互动,3
其他-其他-直播-其他-直播-互动-直播,4
其他-点播-其他-直播-跳出,1
直播-直播-互动-其他-其他-跳出,3
其他-其他-直播-点播-其他-直播-点播,1
其他-其他-点播-点播-其他-点播-其他,21
点播-点播-直播-直播-互动-跳出,1
直播-直播-点播-点播-点播-点播-直播,6
直播-直播-跳出,2634
点播-直播-直播-直播-直播-其他-直播,2
其他-其他-直播-其他-奥运-其他-点播,20
直播-点播-直播-其他-直播-直播-点播,1
直播-其他-其他-直播-其他-其他-其他,1
其他-点播-其他-其他-跳出,1
其他-其他-其他-商城-商城-商城-跳出,8
直播-直播-其他-其他-直播-其他-直播,14
其他-直播-直播-直播-互动-其他-其他,1
其他-其他-互动-直播-其他-直播-直播,4
直播-直播-直播-其他-其他-其他-点播,2
点播-直播-其他-直播-点播-跳出,1
商城-商城-跳出,5
点播-点播-直播-直播-直播-直播-跳出,47
直播-点播-直播-其他-其他-其他-其他,1
其他-其他-其他-其他-其他-点播-其他,15
直播-其他-其他-直播-其他-直播-互动,1
其他-点播-其他-其他-互动-直播-其他,1
直播-直播-点播-点播-直播-直播-直播,13
其他-其他-点播-其他-点播-点播-其他,16
点播-点播-点播-其他-点播-其他-点播,5
直播-直播-点播-点播-直播-直播-其他,2
直播-直播-直播-直播-其他-互动-其他,7
其他-其他-商城-其他-商城-其他-商城,1
点播-点播-其他-直播-点播-直播-其他,3
其他-其他-其他-点播-其他-其他-直播,3
直播-直播-直播-其他-其他-其他-商城,1
直播-直播-奥运-其他-其他-直播-跳出,1
直播-直播-其他-点播-其他-其他-互动,2
其他-其他-互动-互动-跳出,2
直播-直播-直播-直播-点播-直播-直播,177
其他-其他-其他-互动-其他-商城-商城,1
其他-其他-奥运-其他-奥运-点播-奥运,4
直播-直播-直播-其他-其他-点播-其他,3
直播-其他-互动-其他-其他-直播-其他,1
直播-直播-点播-直播-直播-其他-直播,4
点播-点播-点播-点播-点播-其他-跳出,2
直播-点播-直播-其他-其他-直播-点播,1
其他-其他-直播-其他-奥运-其他-直播,65
直播-其他-直播-其他-其他-点播-其他,1
直播-直播-其他-直播-直播-直播-互动,2
其他-奥运-其他-点播-其他-直播-直播,1
奥运-奥运-其他-直播-直播-跳出,3
点播-点播-其他-奥运-其他-点播-点播,1
直播-其他-其他-直播-互动-直播-直播,1
直播-直播-其他-奥运-奥运-其他-直播,1
直播-直播-直播-直播-其他-其他-点播,4
其他-其他-其他-直播-其他-互动-其他,5
其他-其他-奥运-奥运-其他-互动-直播,1
直播-其他-直播-其他-点播-点播-点播,1
其他-其他-点播-其他-互动-其他-其他,4
其他-其他-其他-点播-点播-点播-其他,51
点播-直播-点播-跳出,11
点播-点播-直播-其他-奥运-其他-直播,2
其他-其他-直播-点播-其他-其他-直播,5
其他-其他-其他-其他-点播-其他-其他,23
直播-直播-互动-其他-跳出,6
直播-点播-点播-直播-直播-跳出,2
互动-互动-其他-其他-互动-其他-互动,1
点播-点播-其他-点播-点播-其他-点播,1
直播-直播-直播-点播-点播-直播-其他,1
直播-直播-直播-直播-点播-直播-其他,5
其他-其他-其他-直播-点播-直播-直播,3
直播-直播-直播-直播-其他-直播-跳出,6
其他-其他-直播-互动-其他-其他-点播,28
其他-奥运-其他-点播-其他-点播-其他,2
奥运-奥运-奥运-点播-奥运-其他-点播,1
其他-其他-点播-点播-其他-其他-其他,2
点播-其他-跳出,3
其他-其他-其他-点播-其他-互动-直播,4
点播-直播-跳出,11
其他-其他-直播-其他-奥运-跳出,28
其他-其他-互动-其他-奥运-其他-其他,1
其他-其他-直播-直播-直播-直播-其他,82
奥运-奥运-奥运-奥运-奥运-奥运-其他,1
其他-其他-奥运-其他-互动-直播-其他,1
其他-其他-互动-直播-直播-跳出,16
点播-点播-直播-直播-直播-直播-点播,28
点播-点播-点播-直播-直播-直播-点播,38
点播-点播-其他-其他-其他-其他-互动,1
其他-其他-点播-互动-其他-其他-跳出,1
点播-点播-其他-其他-点播-其他-跳出,1
直播-直播-直播-其他-直播-直播-跳出,10
其他-其他-直播-互动-其他-商城-商城,1
其他-其他-奥运-其他-点播-其他-跳出,8
直播-点播-点播-直播-点播-直播-点播,1
其他-其他-其他-直播-互动-其他-奥运,1
直播-点播-点播-直播-其他-其他-直播,4
直播-直播-其他-奥运-其他-跳出,1
互动-互动-直播-其他-点播-其他-跳出,1
其他-其他-其他-其他-点播-其他-点播,28
直播-点播-直播-直播-直播-跳出,1
直播-直播-直播-点播-直播-其他-跳出,1
点播-点播-直播-其他-其他-直播-跳出,1
其他-直播-其他-直播-直播-跳出,1
点播-其他-点播-点播-点播-点播-点播,1
其他-点播-其他-跳出,9
直播-直播-点播-直播-其他-其他-互动,1
其他-直播-点播-直播-其他-直播-点播,5
其他-其他-点播-点播-点播-其他-直播,133
其他-奥运-其他-直播-点播-跳出,3
直播-直播-互动-直播-互动-其他-其他,2
直播-直播-其他-直播-互动-直播-直播,1
其他-奥运-其他-直播-直播-直播-直播,1
其他-其他-其他-直播-其他-奥运-其他,5
互动-互动-直播-直播-直播-直播-其他,1
直播-直播-直播-点播-其他-其他-跳出,2
直播-直播-直播-点播-点播-点播-直播,14
点播-点播-点播-点播-直播-直播-互动,1
直播-直播-奥运-直播-跳出,1
其他-其他-其他-互动-跳出,45
其他-其他-点播-其他-点播-其他-其他,55
其他-其他-互动-直播-直播-点播-其他,1
其他-直播-其他-直播-其他-点播-其他,1
奥运-奥运-奥运-其他-跳出,1
直播-点播-其他-点播-其他-点播-其他,1
其他-其他-奥运-奥运-点播-奥运-跳出,2
直播-直播-其他-其他-直播-其他-奥运,1
点播-点播-其他-点播-点播-点播-跳出,6
其他-其他-奥运-奥运-点播-点播-点播,1
其他-其他-互动-直播-其他-点播-点播,2
直播-点播-直播-其他-直播-点播-点播,1
直播-直播-点播-点播-点播-点播-点播,5
互动-直播-直播-点播-直播-点播-直播,1
其他-其他-其他-其他-其他-其他-商城,6
直播-直播-点播-直播-其他-其他-直播,16
点播-点播-直播-其他-直播-直播-点播,12
点播-直播-点播-点播-点播-跳出,2
直播-其他-直播-点播-跳出,1
其他-直播-点播-直播-其他-直播-直播,2
其他-其他-其他-奥运-其他-点播-点播,2
其他-其他-点播-其他-直播-互动-奥运,2
其他-其他-其他-其他-其他-直播-直播,98
其他-其他-奥运-其他-点播-其他-互动,1
其他-其他-其他-直播-互动-其他-其他,33
其他-其他-点播-点播-其他-互动-其他,1
其他-其他-直播-互动-其他-其他-直播,19
其他-直播-其他-其他-奥运-其他-直播,1
直播-直播-直播-直播-其他-点播-其他,16
直播-点播-直播-直播-直播-互动-其他,1
其他-其他-互动-其他-互动-其他-互动,95
其他-其他-直播-其他-互动-其他-点播,3
其他-其他-其他-其他-直播-互动-直播,3
其他-其他-互动-其他-互动-直播-其他,15
其他-其他-其他-互动-其他-直播-其他,6
奥运-奥运-直播-直播-点播-直播-直播,1
点播-点播-直播-点播-直播-其他-点播,2
直播-直播-点播-点播-点播-直播-直播,1
其他-直播-其他-直播-其他-直播-跳出,1
其他-直播-直播-其他-直播-点播-跳出,1
直播-直播-点播-直播-直播-其他-奥运,1
点播-其他-点播-其他-其他-其他-直播,1
其他-其他-其他-点播-其他-直播-直播,25
直播-点播-直播-直播-点播-直播-其他,1
其他-其他-直播-直播-点播-其他-其他,9
其他-其他-点播-其他-直播-直播-跳出,123
其他-其他-互动-直播-直播-直播-直播,38
其他-互动-直播-直播-直播-其他-点播,1
互动-互动-其他-互动-其他-其他-互动,2
直播-直播-点播-点播-点播-直播-点播,1
点播-其他-点播-其他-直播-直播-直播,1
其他-其他-其他-点播-点播-点播-点播,27
其他-其他-其他-互动-其他-跳出,16
其他-其他-直播-直播-其他-直播-跳出,13
其他-其他-直播-点播-直播-点播-其他,1
其他-其他-奥运-其他-直播-点播-跳出,8
互动-互动-互动-直播-直播-点播-跳出,1
直播-直播-其他-其他-直播-直播-直播,22
点播-点播-其他-点播-其他-奥运-跳出,1
其他-其他-直播-其他-其他-其他-点播,17
点播-点播-直播-其他-其他-直播-直播,10
点播-直播-直播-跳出,6
其他-其他-其他-直播-跳出,212
奥运-奥运-其他-直播-跳出,1
其他-其他-奥运-其他-直播-点播-直播,40
其他-直播-点播-直播-其他-跳出,10
其他-直播-直播-直播-直播-直播-跳出,1
其他-其他-其他-其他-其他-互动-直播,41
其他-其他-点播-其他-直播-直播-其他,12
其他-直播-直播-直播-直播-跳出,6
互动-互动-直播-直播-直播-直播-点播,1
其他-其他-其他-互动-直播-其他-商城,4
其他-其他-互动-其他-直播-跳出,3
其他-直播-点播-直播-其他-其他-跳出,1
其他-其他-直播-点播-直播-跳出,390
其他-其他-直播-其他-点播-其他-点播,181
奥运-奥运-其他-直播-点播-跳出,1
其他-其他-其他-直播-直播-其他-直播,8
点播-点播-点播-点播-其他-跳出,8
其他-其他-互动-直播-互动-其他-互动,1
其他-其他-直播-互动-奥运-奥运-奥运,4
点播-点播-点播-点播-点播-点播-跳出,20
其他-其他-直播-点播-点播-点播-其他,1
其他-其他-点播-其他-其他-商城-跳出,3
直播-互动-其他-跳出,3
直播-直播-直播-互动-直播-互动-跳出,1
直播-点播-直播-点播-点播-跳出,1
其他-其他-点播-点播-点播-其他-奥运,15
其他-其他-互动-其他-其他-直播-其他,3
其他-其他-直播-其他-奥运-其他-其他,11
直播-直播-直播-直播-点播-点播-直播,29
其他-其他-直播-其他-商城-跳出,8
其他-其他-直播-互动-直播-其他-互动,3
互动-互动-其他-商城-其他-其他-其他,1
点播-点播-其他-点播-点播-其他-直播,2
其他-其他-其他-直播-其他-点播-点播,9
其他-其他-直播-互动-其他-其他-跳出,26
点播-点播-奥运-奥运-奥运-奥运-奥运,1
其他-其他-奥运-奥运-其他-跳出,4
点播-点播-直播-直播-直播-跳出,86
点播-点播-直播-其他-直播-跳出,19
其他-其他-奥运-其他-直播-直播-其他,3
点播-点播-直播-直播-点播-直播-其他,4
互动-互动-其他-互动-其他-商城-跳出,1
点播-点播-直播-其他-其他-其他-其他,2
直播-其他-其他-点播-其他-直播-其他,1
点播-点播-点播-其他-奥运-跳出,3
其他-其他-直播-其他-其他-其他-直播,59
其他-直播-跳出,35
其他-其他-直播-互动-跳出,34
其他-其他-其他-其他-直播-直播-点播,90
直播-互动-直播-其他-直播-直播-直播,1
点播-点播-直播-直播-点播-点播-跳出,2
奥运-奥运-奥运-其他-其他-点播-点播,1
点播-点播-直播-直播-其他-直播-其他,2
点播-点播-直播-点播-直播-其他-跳出,6
点播-点播-直播-其他-其他-直播-其他,1
其他-其他-奥运-其他-直播-跳出,51
其他-奥运-其他-跳出,1
互动-直播-其他-点播-其他-点播-其他,1
直播-点播-直播-点播-直播-点播-跳出,1
其他-其他-点播-点播-点播-点播-其他,35
其他-其他-奥运-其他-互动-其他-其他,1
直播-其他-其他-直播-其他-跳出,2
其他-其他-其他-商城-其他-商城-商城,3
直播-直播-点播-点播-点播-跳出,11
其他-其他-互动-其他-其他-互动-跳出,6
直播-直播-直播-其他-点播-其他-其他,1
其他-其他-直播-互动-直播-直播-点播,8
直播-直播-直播-直播-其他-直播-直播,35
其他-其他-直播-直播-直播-跳出,1317
互动-其他-跳出,1
其他-其他-其他-点播-其他-其他-互动,2
其他-点播-其他-点播-点播-点播-其他,2
点播-其他-其他-其他-其他-其他-其他,1
直播-直播-直播-其他-其他-点播-跳出,1
其他-其他-其他-其他-直播-直播-跳出,37
互动-互动-其他-互动-其他-其他-其他,3
其他-其他-奥运-其他-点播-点播-跳出,1
其他-直播-互动-跳出,1
其他-其他-其他-其他-点播-点播-跳出,8
其他-其他-其他-其他-奥运-奥运-其他,1
点播-点播-点播-点播-直播-直播-其他,1
其他-直播-其他-点播-其他-直播-其他,1
其他-其他-其他-互动-互动-其他-互动,2
点播-其他-直播-其他-直播-其他-直播,2
其他-其他-直播-直播-直播-其他-奥运,15
奥运-奥运-其他-直播-直播-直播-直播,1
其他-其他-其他-其他-互动-其他-互动,9
点播-点播-其他-奥运-奥运-奥运-奥运,1
其他-其他-直播-其他-直播-点播-点播,7
点播-直播-点播-点播-直播-直播-直播,1
直播-其他-直播-点播-点播-跳出,1
互动-互动-直播-其他-跳出,2
直播-其他-其他-其他-直播-其他-其他,1
其他-互动-其他-其他-点播-点播-点播,1
其他-其他-其他-互动-其他-点播-其他,1
其他-其他-直播-直播-直播-其他-互动,23
其他-其他-其他-其他-点播-其他-互动,1
其他-其他-其他-互动-直播-其他-跳出,24
其他-其他-奥运-奥运-点播-跳出,1
直播-直播-直播-其他-直播-互动-其他,3
其他-其他-其他-其他-直播-其他-奥运,3
其他-直播-点播-直播-点播-直播-其他,2
其他-其他-点播-其他-直播-点播-跳出,5
其他-其他-直播-其他-互动-其他-互动,12
直播-直播-其他-跳出,137
直播-点播-直播-互动-跳出,1
其他-点播-其他-点播-其他-点播-其他,12
其他-其他-奥运-其他-直播-其他-直播,36
其他-其他-其他-直播-点播-点播-直播,10
奥运-奥运-其他-点播-其他-点播-其他,2
点播-点播-点播-点播-点播-点播-点播,41
直播-直播-其他-互动-其他-其他-跳出,1
其他-直播-直播-点播-直播-直播-跳出,4
其他-其他-其他-互动-直播-跳出,52
点播-直播-直播-直播-跳出,4
点播-点播-直播-点播-直播-直播-直播,52
其他-其他-其他-互动-直播-直播-跳出,14
直播-直播-其他-直播-其他-其他-直播,7
直播-直播-点播-直播-其他-直播-点播,14
点播-点播-直播-直播-直播-互动-直播,1
直播-其他-直播-其他-点播-其他-跳出,1
直播-点播-直播-其他-其他-奥运-其他,1
其他-奥运-跳出,7
奥运-奥运-其他-奥运-其他-点播-其他,1
直播-直播-直播-直播-其他-互动-直播,1
点播-点播-其他-点播-跳出,16
其他-其他-互动-其他-其他-其他-商城,1
直播-直播-点播-其他-其他-直播-点播,1
点播-点播-直播-其他-直播-点播-跳出,32
其他-其他-其他-其他-点播-点播-点播,64
直播-直播-直播-互动-直播-其他-商城,1
其他-其他-其他-点播-点播-其他-跳出,2
其他-其他-其他-直播-点播-点播-点播,4
直播-直播-其他-其他-其他-其他-跳出,3
其他-其他-直播-互动-直播-其他-其他,7
其他-其他-互动-其他-互动-直播-跳出,2
奥运-奥运-其他-其他-其他-直播-直播,1
其他-其他-其他-奥运-其他-其他-互动,1
点播-直播-点播-直播-其他-直播-点播,1
点播-点播-直播-点播-点播-点播-直播,1
互动-互动-其他-其他-点播-其他-其他,1
互动-直播-其他-互动-其他-跳出,1
其他-其他-奥运-点播-奥运-其他-奥运,3
直播-直播-直播-其他-直播-直播-点播,2
其他-点播-其他-其他-点播-跳出,1
其他-其他-点播-其他-奥运-其他-其他,6
直播-直播-其他-其他-其他-商城-其他,1
其他-其他-点播-其他-互动-其他-跳出,1
点播-点播-直播-其他-直播-其他-奥运,1
直播-点播-直播-其他-直播-其他-直播,1
直播-直播-直播-直播-直播-直播-其他,73
其他-其他-其他-奥运-其他-点播-其他,4
直播-直播-其他-点播-点播-点播-其他,4
其他-其他-直播-其他-点播-跳出,118
直播-其他-直播-直播-直播-直播-直播,2
其他-其他-直播-点播-跳出,273
其他-其他-直播-其他-其他-互动-其他,21
其他-其他-点播-其他-其他-其他-商城,1
其他-其他-其他-点播-点播-其他-直播,1
点播-点播-其他-点播-其他-点播-点播,7
直播-直播-点播-直播-点播-点播-跳出,2
其他-点播-其他-点播-其他-点播-点播,1
直播-点播-其他-其他-直播-点播-直播,1
其他-其他-其他-互动-直播-直播-其他,1
其他-其他-直播-其他-奥运-奥运-跳出,2
点播-点播-点播-直播-其他-直播-点播,3
直播-直播-其他-其他-其他-点播-跳出,1
直播-直播-直播-互动-其他-互动-其他,1
直播-直播-直播-直播-直播-直播-点播,79
直播-点播-直播-直播-点播-直播-跳出,1
直播-直播-直播-其他-其他-点播-点播,1
其他-其他-其他-点播-点播-跳出,7
其他-其他-点播-点播-点播-其他-点播,242
其他-其他-直播-点播-直播-其他-其他,94
点播-直播-点播-直播-直播-跳出,1
直播-其他-直播-直播-其他-直播-跳出,1
奥运-奥运-奥运-奥运-跳出,2
直播-其他-其他-直播-点播-跳出,1
互动-互动-奥运-互动-直播-直播-直播,1
其他-其他-其他-其他-直播-其他-其他,27
点播-点播-点播-点播-其他-直播-点播,1
其他-其他-直播-其他-直播-其他-互动,15
其他-直播-直播-直播-直播-直播-直播,12
其他-其他-奥运-其他-奥运-其他-跳出,14
其他-其他-互动-直播-直播-直播-互动,3
互动-互动-其他-跳出,5
其他-其他-其他-其他-商城-其他-商城,1
其他-奥运-奥运-直播-跳出,1
直播-直播-点播-直播-直播-直播-直播,88
直播-直播-直播-直播-直播-直播-跳出,282
直播-直播-直播-直播-点播-点播-跳出,5
其他-其他-直播-直播-其他-奥运-其他,4
其他-其他-直播-互动-其他-商城-其他,1
点播-直播-点播-直播-跳出,8
奥运-奥运-奥运-其他-奥运-跳出,1
其他-其他-其他-直播-互动-其他-跳出,8
其他-其他-直播-直播-其他-跳出,38
其他-其他-其他-其他-直播-直播-其他,10
其他-其他-其他-奥运-其他-奥运-其他,6
点播-其他-其他-奥运-其他-奥运-其他,1
其他-其他-其他-互动-其他-其他-商城,2
直播-直播-直播-其他-其他-商城-其他,1
直播-直播-点播-直播-点播-直播-点播,50
点播-点播-其他-直播-其他-直播-其他,1
其他-其他-直播-其他-其他-互动-直播,51
其他-其他-直播-其他-商城-其他-直播,2
点播-点播-直播-直播-点播-直播-直播,9
互动-互动-直播-直播-点播-直播-点播,1
直播-直播-其他-点播-点播-点播-跳出,2
直播-直播-直播-其他-点播-其他-点播,3
其他-其他-奥运-其他-奥运-其他-互动,3
直播-直播-直播-直播-直播-其他-奥运,1
其他-其他-其他-互动-奥运-互动-直播,3
其他-其他-直播-其他-其他-奥运-其他,7
点播-直播-其他-直播-其他-直播-点播,1
其他-其他-直播-其他-其他-跳出,164
其他-其他-其他-其他-直播-直播-直播,95
其他-其他-直播-互动-其他-直播-直播,3
点播-点播-其他-其他-互动-直播-跳出,3
点播-点播-点播-点播-其他-直播-跳出,1
其他-其他-直播-互动-奥运-跳出,1
直播-直播-其他-其他-其他-直播-点播,1
直播-互动-其他-其他-直播-互动-其他,1
直播-直播-其他-直播-其他-直播-跳出,12
其他-其他-直播-点播-直播-点播-直播,252
点播-点播-点播-点播-直播-点播-跳出,4
直播-直播-互动-直播-互动-其他-互动,1
点播-点播-点播-直播-直播-直播-跳出,6
其他-其他-点播-跳出,754
其他-其他-直播-其他-直播-其他-奥运,27
点播-点播-直播-点播-点播-跳出,10
直播-直播-直播-点播-点播-点播-点播,14
其他-其他-直播-其他-点播-其他-跳出,60
直播-直播-其他-直播-其他-直播-互动,3
直播-直播-其他-奥运-其他-直播-跳出,2
其他-其他-其他-互动-直播-其他-互动,2
点播-点播-直播-点播-直播-点播-直播,42
其他-其他-直播-直播-其他-直播-点播,12
其他-其他-其他-其他-跳出,263
点播-点播-其他-点播-其他-跳出,7
点播-直播-直播-直播-直播-直播-直播,2
点播-直播-点播-直播-其他-其他-直播,1
直播-其他-直播-点播-直播-其他-跳出,1
点播-直播-其他-其他-直播-跳出,1
其他-其他-其他-直播-互动-跳出,4
互动-互动-其他-直播-其他-跳出,1
直播-直播-其他-直播-其他-直播-直播,18
其他-其他-直播-其他-互动-其他-其他,31
直播-直播-直播-直播-点播-点播-点播,9
商城-商城-其他-直播-直播-直播-直播,1
互动-互动-其他-互动-其他-商城-其他,3
其他-其他-其他-互动-直播-互动-其他,7
其他-点播-点播-点播-点播-跳出,3
点播-点播-直播-直播-互动-其他-跳出,1
其他-其他-其他-商城-其他-其他-商城,1
其他-其他-其他-直播-点播-其他-其他,4
其他-其他-商城-商城-商城-跳出,1
点播-点播-其他-点播-其他-其他-直播,1
直播-直播-其他-其他-其他-其他-其他,11
互动-互动-其他-其他-直播-点播-直播,1
其他-其他-其他-其他-其他-点播-点播,19
互动-互动-其他-其他-跳出,1
其他-其他-其他-奥运-其他-其他-点播,1
其他-其他-直播-点播-点播-其他-直播,1
其他-其他-其他-商城-其他-互动-跳出,1
其他-其他-其他-其他-其他-奥运-其他,6
点播-直播-直播-直播-其他-其他-直播,1
点播-点播-直播-其他-其他-直播-点播,5
其他-直播-其他-直播-其他-跳出,2
点播-点播-直播-直播-直播-直播-其他,19
奥运-奥运-其他-点播-跳出,4
其他-点播-其他-点播-其他-跳出,4
直播-其他-直播-其他-其他-直播-直播,2
其他-其他-其他-直播-直播-点播-跳出,43
其他-直播-其他-其他-其他-其他-其他,1
其他-其他-直播-互动-奥运-互动-其他,4
其他-其他-直播-直播-点播-直播-其他,83
直播-直播-点播-直播-其他-直播-直播,4
其他-互动-其他-互动-其他-商城-商城,1
其他-点播-其他-奥运-跳出,1
点播-其他-点播-跳出,1
互动-互动-其他-其他-点播-其他-点播,1
其他-其他-互动-直播-直播-直播-点播,1
其他-其他-直播-直播-其他-直播-直播,46
其他-其他-直播-其他-互动-直播-直播,7
直播-直播-直播-直播-互动-直播-直播,3
其他-其他-互动-直播-直播-点播-跳出,2
